product_id;product_name;brand;rating;review_text;review_date
101;Samsung Galaxy A55;Samsung;3;Средне, есть недостатки по звуку.;17.04.2024
102;Xiaomi Redmi Note 13;Xiaomi;2;Много бесполезных приложений в системе.;08.09.2024
103;Apple iPhone 15;Apple;5;Очень доволен качеством, всё работает отлично.;21.08.2024
101;Samsung Galaxy A55;Samsung;2;Памяти маловато для фото и видео.;25.07.2024
102;Xiaomi Redmi Note 13;Xiaomi;2;Производительность на высоте.;31.07.2024
103;Apple iPhone 15;Apple;4;Рекомендую друзьям, лучший выбор.;01.07.2024
101;Samsung Galaxy A55;Samsung;1;Цена высокая, но оправдана.;24.09.2024
102;Xiaomi Redmi Note 13;Xiaomi;3;Средне, есть недостатки по звуку.;15.09.2024
103;Apple iPhone 15;Apple;2;Камера не впечатлила.;13.06.2024
101;Samsung Galaxy A55;Samsung;3;Памяти маловато для фото и видео.;19.05.2024
102;Xiaomi Redmi Note 13;Xiaomi;3;Памяти маловато для фото и видео.;08.07.2024
103;Apple iPhone 15;Apple;2;Средне, есть недостатки по звуку.;06.07.2024
101;Samsung Galaxy A55;Samsung;4;Рекомендую друзьям, лучший выбор.;11.07.2024
102;Xiaomi Redmi Note 13;Xiaomi;1;Медленно работает GPS.;14.10.2024
103;Apple iPhone 15;Apple;5;Плохая комплектация, ожидал больше.;21.10.2024
101;Samsung Galaxy A55;Samsung;2;Очень доволен качеством, всё работает отлично.;10.09.2024
102;Xiaomi Redmi Note 13;Xiaomi;4;Слишком быстро разряжается батарея.;06.07.2024
103;Apple iPhone 15;Apple;2;Цена высокая, но оправдана.;15.08.2024
101;Samsung Galaxy A55;Samsung;5;Дизайн простой, но функционал на уровне.;11.04.2024
102;Xiaomi Redmi Note 13;Xiaomi;2;Нестабильная связь, иногда пропадает интернет.;04.07.2024
103;Apple iPhone 15;Apple;2;Компактный и лёгкий, удобно носить.;28.10.2024
101;Samsung Galaxy A55;Samsung;1;Рекомендую друзьям, лучший выбор.;05.08.2024
102;Xiaomi Redmi Note 13;Xiaomi;1;Нестабильная связь, иногда пропадает интернет.;21.09.2024
103;Apple iPhone 15;Apple;4;Компактный и лёгкий, удобно носить.;24.11.2024
101;Samsung Galaxy A55;Samsung;1;Соотношение цена/качество оптимальное.;15.09.2024
102;Xiaomi Redmi Note 13;Xiaomi;5;Нестабильная связь, иногда пропадает интернет.;15.10.2024
103;Apple iPhone 15;Apple;1;Удобный интерфейс, всё понятно.;19.10.2024
101;Samsung Galaxy A55;Samsung;1;Производительность на высоте.;03.08.2024
102;Xiaomi Redmi Note 13;Xiaomi;5;Слабый аккумулятор, приходится заряжать дважды в день.;04.08.2024
103;Apple iPhone 15;Apple;5;Средне, есть недостатки по звуку.;26.08.2024
101;Samsung Galaxy A55;Samsung;5;Памяти маловато для фото и видео.;21.09.2024
102;Xiaomi Redmi Note 13;Xiaomi;1;Корпус царапается, нужен чехол.;29.08.2024
103;Apple iPhone 15;Apple;2;Памяти маловато для фото и видео.;03.09.2024
101;Samsung Galaxy A55;Samsung;1;Медленно работает GPS.;19.08.2024
102;Xiaomi Redmi Note 13;Xiaomi;1;Средне, есть недостатки по звуку.;29.08.2024
103;Apple iPhone 15;Apple;2;Приятно держать в руке, экран яркий.;19.09.2024
101;Samsung Galaxy A55;Samsung;4;Очень доволен качеством, всё работает отлично.;02.06.2024
102;Xiaomi Redmi Note 13;Xiaomi;5;Камера не впечатлила.;31.08.2024
103;Apple iPhone 15;Apple;3;Медленно работает GPS.;11.06.2024
101;Samsung Galaxy A55;Samsung;5;Рекомендую друзьям, лучший выбор.;21.05.2024
102;Xiaomi Redmi Note 13;Xiaomi;4;Плохая комплектация, ожидал больше.;24.08.2024
103;Apple iPhone 15;Apple;4;Производительность на высоте.;17.09.2024
101;Samsung Galaxy A55;Samsung;3;Фото отличное, особенно ночные снимки.;17.06.2024
102;Xiaomi Redmi Note 13;Xiaomi;4;Нестабильная связь, иногда пропадает интернет.;21.08.2024
103;Apple iPhone 15;Apple;4;Очень доволен качеством, всё работает отлично.;04.06.2024
101;Samsung Galaxy A55;Samsung;1;Корпус царапается, нужен чехол.;22.08.2024
102;Xiaomi Redmi Note 13;Xiaomi;3;Медленно работает GPS.;11.06.2024
103;Apple iPhone 15;Apple;1;Удобный интерфейс, всё понятно.;09.09.2024
101;Samsung Galaxy A55;Samsung;3;Цена высокая, но оправдана.;17.07.2024
102;Xiaomi Redmi Note 13;Xiaomi;2;Слабый аккумулятор, приходится заряжать дважды в день.;04.07.2024
103;Apple iPhone 15;Apple;2;Нестабильная связь, иногда пропадает интернет.;07.08.2024
101;Samsung Galaxy A55;Samsung;1;Рекомендую друзьям, лучший выбор.;23.06.2024
102;Xiaomi Redmi Note 13;Xiaomi;1;Памяти маловато для фото и видео.;19.05.2024
103;Apple iPhone 15;Apple;5;Цена высокая, но оправдана.;27.08.2024
101;Samsung Galaxy A55;Samsung;2;Камера не впечатлила.;07.07.2024
102;Xiaomi Redmi Note 13;Xiaomi;4;Приятно держать в руке, экран яркий.;12.08.2024
103;Apple iPhone 15;Apple;1;Рекомендую друзьям, лучший выбор.;29.10.2024
101;Samsung Galaxy A55;Samsung;1;Корпус царапается, нужен чехол.;04.05.2024
102;Xiaomi Redmi Note 13;Xiaomi;3;Камера не впечатлила.;26.05.2024
103;Apple iPhone 15;Apple;2;Слишком быстро разряжается батарея.;06.07.2024
101;Samsung Galaxy A55;Samsung;4;Соотношение цена/качество оптимальное.;28.07.2024
102;Xiaomi Redmi Note 13;Xiaomi;5;Приятно держать в руке, экран яркий.;01.07.2024
103;Apple iPhone 15;Apple;4;Памяти маловато для фото и видео.;17.06.2024
101;Samsung Galaxy A55;Samsung;2;Удобный интерфейс, всё понятно.;11.04.2024
102;Xiaomi Redmi Note 13;Xiaomi;1;Производительность на высоте.;08.08.2024
103;Apple iPhone 15;Apple;3;Медленно работает GPS.;24.10.2024
101;Samsung Galaxy A55;Samsung;3;Корпус царапается, нужен чехол.;07.05.2024
102;Xiaomi Redmi Note 13;Xiaomi;3;Фото отличное, особенно ночные снимки.;01.10.2024
103;Apple iPhone 15;Apple;5;Нестабильная связь, иногда пропадает интернет.;30.07.2024
101;Samsung Galaxy A55;Samsung;2;Памяти маловато для фото и видео.;20.04.2024
102;Xiaomi Redmi Note 13;Xiaomi;2;Соотношение цена/качество оптимальное.;19.09.2024
103;Apple iPhone 15;Apple;5;Слишком быстро разряжается батарея.;07.09.2024
101;Samsung Galaxy A55;Samsung;5;Памяти маловато для фото и видео.;10.05.2024
102;Xiaomi Redmi Note 13;Xiaomi;3;Производительность на высоте.;27.09.2024
103;Apple iPhone 15;Apple;1;Слабый аккумулятор, приходится заряжать дважды в день.;03.08.2024
101;Samsung Galaxy A55;Samsung;1;Плохая комплектация, ожидал больше.;16.06.2024
102;Xiaomi Redmi Note 13;Xiaomi;3;Дизайн простой, но функционал на уровне.;09.09.2024
103;Apple iPhone 15;Apple;2;Производительность на высоте.;15.08.2024
101;Samsung Galaxy A55;Samsung;5;Памяти маловато для фото и видео.;30.04.2024
102;Xiaomi Redmi Note 13;Xiaomi;4;Нестабильная связь, иногда пропадает интернет.;18.09.2024
103;Apple iPhone 15;Apple;1;Средне, есть недостатки по звуку.;15.10.2024
101;Samsung Galaxy A55;Samsung;4;Камера не впечатлила.;02.08.2024
102;Xiaomi Redmi Note 13;Xiaomi;1;Компактный и лёгкий, удобно носить.;18.06.2024
103;Apple iPhone 15;Apple;5;Корпус царапается, нужен чехол.;09.08.2024
101;Samsung Galaxy A55;Samsung;5;Нестабильная связь, иногда пропадает интернет.;16.09.2024
102;Xiaomi Redmi Note 13;Xiaomi;2;Нестабильная связь, иногда пропадает интернет.;21.08.2024
103;Apple iPhone 15;Apple;1;Приятно держать в руке, экран яркий.;24.06.2024
101;Samsung Galaxy A55;Samsung;2;Удобный интерфейс, всё понятно.;18.08.2024
102;Xiaomi Redmi Note 13;Xiaomi;4;Камера не впечатлила.;18.07.2024
103;Apple iPhone 15;Apple;5;Производительность на высоте.;17.10.2024
101;Samsung Galaxy A55;Samsung;1;Соотношение цена/качество оптимальное.;25.04.2024
102;Xiaomi Redmi Note 13;Xiaomi;5;Дизайн простой, но функционал на уровне.;14.10.2024
103;Apple iPhone 15;Apple;1;Дизайн простой, но функционал на уровне.;01.08.2024
101;Samsung Galaxy A55;Samsung;3;Корпус царапается, нужен чехол.;27.05.2024
102;Xiaomi Redmi Note 13;Xiaomi;4;Производительность на высоте.;11.09.2024
103;Apple iPhone 15;Apple;1;Дизайн простой, но функционал на уровне.;16.10.2024
101;Samsung Galaxy A55;Samsung;1;Производительность на высоте.;13.05.2024
102;Xiaomi Redmi Note 13;Xiaomi;5;Медленно работает GPS.;11.09.2024
103;Apple iPhone 15;Apple;2;Дизайн простой, но функционал на уровне.;19.09.2024
101;Samsung Galaxy A55;Samsung;3;Фото отличное, особенно ночные снимки.;18.08.2024
102;Xiaomi Redmi Note 13;Xiaomi;5;Медленно работает GPS.;17.06.2024
103;Apple iPhone 15;Apple;1;Средне, есть недостатки по звуку.;20.06.2024
101;Samsung Galaxy A55;Samsung;5;Цена высокая, но оправдана.;14.06.2024
102;Xiaomi Redmi Note 13;Xiaomi;3;Очень доволен качеством, всё работает отлично.;29.05.2024
103;Apple iPhone 15;Apple;4;Много бесполезных приложений в системе.;28.10.2024
101;Samsung Galaxy A55;Samsung;3;Удобный интерфейс, всё понятно.;12.08.2024
102;Xiaomi Redmi Note 13;Xiaomi;2;Приятно держать в руке, экран яркий.;12.09.2024
103;Apple iPhone 15;Apple;2;Слабый аккумулятор, приходится заряжать дважды в день.;14.10.2024
101;Samsung Galaxy A55;Samsung;3;Камера не впечатлила.;01.04.2024
102;Xiaomi Redmi Note 13;Xiaomi;2;Памяти маловато для фото и видео.;04.08.2024
103;Apple iPhone 15;Apple;4;Очень доволен качеством, всё работает отлично.;08.07.2024
101;Samsung Galaxy A55;Samsung;1;Очень доволен качеством, всё работает отлично.;08.07.2024
102;Xiaomi Redmi Note 13;Xiaomi;1;Дизайн простой, но функционал на уровне.;04.05.2024
103;Apple iPhone 15;Apple;2;Нестабильная связь, иногда пропадает интернет.;26.09.2024
101;Samsung Galaxy A55;Samsung;1;Приятно держать в руке, экран яркий.;31.07.2024
102;Xiaomi Redmi Note 13;Xiaomi;4;Медленно работает GPS.;07.09.2024
103;Apple iPhone 15;Apple;2;Очень доволен качеством, всё работает отлично.;04.10.2024
101;Samsung Galaxy A55;Samsung;4;Компактный и лёгкий, удобно носить.;03.07.2024
102;Xiaomi Redmi Note 13;Xiaomi;4;Слабый аккумулятор, приходится заряжать дважды в день.;18.05.2024
103;Apple iPhone 15;Apple;5;Приятно держать в руке, экран яркий.;23.10.2024
101;Samsung Galaxy A55;Samsung;4;Рекомендую друзьям, лучший выбор.;19.04.2024
102;Xiaomi Redmi Note 13;Xiaomi;3;Рекомендую друзьям, лучший выбор.;06.07.2024
103;Apple iPhone 15;Apple;3;Соотношение цена/качество оптимальное.;14.08.2024
101;Samsung Galaxy A55;Samsung;5;Приятно держать в руке, экран яркий.;26.06.2024
102;Xiaomi Redmi Note 13;Xiaomi;1;Цена высокая, но оправдана.;24.10.2024
103;Apple iPhone 15;Apple;3;Приятно держать в руке, экран яркий.;11.06.2024
101;Samsung Galaxy A55;Samsung;5;Слабый аккумулятор, приходится заряжать дважды в день.;16.05.2024
102;Xiaomi Redmi Note 13;Xiaomi;1;Цена высокая, но оправдана.;15.07.2024
103;Apple iPhone 15;Apple;1;Рекомендую друзьям, лучший выбор.;20.08.2024
101;Samsung Galaxy A55;Samsung;1;Цена высокая, но оправдана.;18.08.2024
102;Xiaomi Redmi Note 13;Xiaomi;1;Приятно держать в руке, экран яркий.;30.08.2024
103;Apple iPhone 15;Apple;3;Удобный интерфейс, всё понятно.;25.09.2024
101;Samsung Galaxy A55;Samsung;1;Производительность на высоте.;05.08.2024
102;Xiaomi Redmi Note 13;Xiaomi;2;Слабый аккумулятор, приходится заряжать дважды в день.;02.08.2024
103;Apple iPhone 15;Apple;4;Дизайн простой, но функционал на уровне.;05.09.2024
101;Samsung Galaxy A55;Samsung;2;Много бесполезных приложений в системе.;29.07.2024
102;Xiaomi Redmi Note 13;Xiaomi;1;Медленно работает GPS.;17.10.2024
103;Apple iPhone 15;Apple;5;Камера не впечатлила.;06.10.2024
101;Samsung Galaxy A55;Samsung;2;Цена высокая, но оправдана.;07.05.2024
102;Xiaomi Redmi Note 13;Xiaomi;1;Очень доволен качеством, всё работает отлично.;08.07.2024
103;Apple iPhone 15;Apple;2;Дизайн простой, но функционал на уровне.;28.08.2024
101;Samsung Galaxy A55;Samsung;3;Фото отличное, особенно ночные снимки.;22.04.2024
102;Xiaomi Redmi Note 13;Xiaomi;4;Слабый аккумулятор, приходится заряжать дважды в день.;20.10.2024
103;Apple iPhone 15;Apple;3;Рекомендую друзьям, лучший выбор.;16.06.2024
101;Samsung Galaxy A55;Samsung;5;Цена высокая, но оправдана.;22.09.2024
102;Xiaomi Redmi Note 13;Xiaomi;1;Дизайн простой, но функционал на уровне.;28.09.2024
103;Apple iPhone 15;Apple;4;Фото отличное, особенно ночные снимки.;09.09.2024
101;Samsung Galaxy A55;Samsung;4;Медленно работает GPS.;07.09.2024
102;Xiaomi Redmi Note 13;Xiaomi;1;Корпус царапается, нужен чехол.;13.08.2024
103;Apple iPhone 15;Apple;4;Камера не впечатлила.;09.09.2024
101;Samsung Galaxy A55;Samsung;5;Дизайн простой, но функционал на уровне.;07.05.2024
102;Xiaomi Redmi Note 13;Xiaomi;4;Рекомендую друзьям, лучший выбор.;16.08.2024
103;Apple iPhone 15;Apple;5;Нестабильная связь, иногда пропадает интернет.;17.09.2024
101;Samsung Galaxy A55;Samsung;1;Цена высокая, но оправдана.;11.09.2024
102;Xiaomi Redmi Note 13;Xiaomi;1;Плохая комплектация, ожидал больше.;07.07.2024
103;Apple iPhone 15;Apple;4;Камера не впечатлила.;14.10.2024
101;Samsung Galaxy A55;Samsung;4;Соотношение цена/качество оптимальное.;06.06.2024
102;Xiaomi Redmi Note 13;Xiaomi;1;Производительность на высоте.;01.06.2024
103;Apple iPhone 15;Apple;2;Медленно работает GPS.;06.11.2024
101;Samsung Galaxy A55;Samsung;4;Фото отличное, особенно ночные снимки.;28.08.2024
102;Xiaomi Redmi Note 13;Xiaomi;1;Дизайн простой, но функционал на уровне.;25.05.2024
103;Apple iPhone 15;Apple;2;Корпус царапается, нужен чехол.;08.11.2024
101;Samsung Galaxy A55;Samsung;2;Фото отличное, особенно ночные снимки.;05.06.2024
102;Xiaomi Redmi Note 13;Xiaomi;3;Медленно работает GPS.;05.06.2024
103;Apple iPhone 15;Apple;2;Памяти маловато для фото и видео.;15.09.2024
101;Samsung Galaxy A55;Samsung;3;Плохая комплектация, ожидал больше.;02.04.2024
102;Xiaomi Redmi Note 13;Xiaomi;1;Плохая комплектация, ожидал больше.;21.07.2024
103;Apple iPhone 15;Apple;2;Цена высокая, но оправдана.;15.08.2024
101;Samsung Galaxy A55;Samsung;1;Много бесполезных приложений в системе.;20.04.2024
102;Xiaomi Redmi Note 13;Xiaomi;4;Приятно держать в руке, экран яркий.;20.07.2024
103;Apple iPhone 15;Apple;2;Производительность на высоте.;28.08.2024
101;Samsung Galaxy A55;Samsung;2;Рекомендую друзьям, лучший выбор.;24.09.2024
102;Xiaomi Redmi Note 13;Xiaomi;3;Приятно держать в руке, экран яркий.;20.10.2024
103;Apple iPhone 15;Apple;5;Производительность на высоте.;21.06.2024
101;Samsung Galaxy A55;Samsung;4;Фото отличное, особенно ночные снимки.;04.06.2024
102;Xiaomi Redmi Note 13;Xiaomi;2;Удобный интерфейс, всё понятно.;01.10.2024
103;Apple iPhone 15;Apple;2;Соотношение цена/качество оптимальное.;02.06.2024
101;Samsung Galaxy A55;Samsung;3;Слишком быстро разряжается батарея.;03.06.2024
102;Xiaomi Redmi Note 13;Xiaomi;1;Производительность на высоте.;18.09.2024
103;Apple iPhone 15;Apple;3;Очень доволен качеством, всё работает отлично.;04.07.2024
101;Samsung Galaxy A55;Samsung;5;Производительность на высоте.;16.07.2024
102;Xiaomi Redmi Note 13;Xiaomi;4;Средне, есть недостатки по звуку.;17.05.2024
103;Apple iPhone 15;Apple;2;Фото отличное, особенно ночные снимки.;26.10.2024
101;Samsung Galaxy A55;Samsung;3;Плохая комплектация, ожидал больше.;07.06.2024
102;Xiaomi Redmi Note 13;Xiaomi;3;Много бесполезных приложений в системе.;13.10.2024
103;Apple iPhone 15;Apple;2;Компактный и лёгкий, удобно носить.;15.10.2024
101;Samsung Galaxy A55;Samsung;5;Нестабильная связь, иногда пропадает интернет.;13.07.2024
102;Xiaomi Redmi Note 13;Xiaomi;3;Фото отличное, особенно ночные снимки.;12.06.2024
103;Apple iPhone 15;Apple;1;Корпус царапается, нужен чехол.;21.06.2024
101;Samsung Galaxy A55;Samsung;3;Камера не впечатлила.;13.06.2024
102;Xiaomi Redmi Note 13;Xiaomi;1;Корпус царапается, нужен чехол.;21.10.2024
103;Apple iPhone 15;Apple;1;Слишком быстро разряжается батарея.;05.07.2024
101;Samsung Galaxy A55;Samsung;1;Слишком быстро разряжается батарея.;14.09.2024
102;Xiaomi Redmi Note 13;Xiaomi;5;Удобный интерфейс, всё понятно.;07.10.2024
103;Apple iPhone 15;Apple;2;Удобный интерфейс, всё понятно.;07.10.2024
101;Samsung Galaxy A55;Samsung;1;Нестабильная связь, иногда пропадает интернет.;24.05.2024
102;Xiaomi Redmi Note 13;Xiaomi;3;Нестабильная связь, иногда пропадает интернет.;10.08.2024
103;Apple iPhone 15;Apple;4;Рекомендую друзьям, лучший выбор.;29.10.2024
101;Samsung Galaxy A55;Samsung;1;Удобный интерфейс, всё понятно.;18.06.2024
102;Xiaomi Redmi Note 13;Xiaomi;4;Слишком быстро разряжается батарея.;12.06.2024
103;Apple iPhone 15;Apple;2;Цена высокая, но оправдана.;26.07.2024
101;Samsung Galaxy A55;Samsung;3;Памяти маловато для фото и видео.;25.08.2024
102;Xiaomi Redmi Note 13;Xiaomi;3;Памяти маловато для фото и видео.;06.10.2024
103;Apple iPhone 15;Apple;5;Цена высокая, но оправдана.;19.11.2024
101;Samsung Galaxy A55;Samsung;1;Цена высокая, но оправдана.;02.05.2024
102;Xiaomi Redmi Note 13;Xiaomi;5;Очень доволен качеством, всё работает отлично.;25.07.2024
103;Apple iPhone 15;Apple;1;Производительность на высоте.;04.08.2024
101;Samsung Galaxy A55;Samsung;1;Удобный интерфейс, всё понятно.;24.07.2024
102;Xiaomi Redmi Note 13;Xiaomi;1;Плохая комплектация, ожидал больше.;29.05.2024
103;Apple iPhone 15;Apple;1;Памяти маловато для фото и видео.;12.09.2024
101;Samsung Galaxy A55;Samsung;1;Очень доволен качеством, всё работает отлично.;12.09.2024
102;Xiaomi Redmi Note 13;Xiaomi;3;Приятно держать в руке, экран яркий.;01.10.2024
103;Apple iPhone 15;Apple;3;Компактный и лёгкий, удобно носить.;17.09.2024
101;Samsung Galaxy A55;Samsung;2;Компактный и лёгкий, удобно носить.;27.06.2024
102;Xiaomi Redmi Note 13;Xiaomi;5;Соотношение цена/качество оптимальное.;19.09.2024
103;Apple iPhone 15;Apple;3;Производительность на высоте.;09.07.2024
101;Samsung Galaxy A55;Samsung;3;Дизайн простой, но функционал на уровне.;16.07.2024
102;Xiaomi Redmi Note 13;Xiaomi;2;Слишком быстро разряжается батарея.;02.09.2024
103;Apple iPhone 15;Apple;2;Рекомендую друзьям, лучший выбор.;21.06.2024
101;Samsung Galaxy A55;Samsung;1;Цена высокая, но оправдана.;09.07.2024
102;Xiaomi Redmi Note 13;Xiaomi;1;Рекомендую друзьям, лучший выбор.;12.10.2024
103;Apple iPhone 15;Apple;4;Очень доволен качеством, всё работает отлично.;26.08.2024
101;Samsung Galaxy A55;Samsung;2;Много бесполезных приложений в системе.;14.04.2024
102;Xiaomi Redmi Note 13;Xiaomi;3;Цена высокая, но оправдана.;25.09.2024
103;Apple iPhone 15;Apple;3;Корпус царапается, нужен чехол.;27.08.2024
101;Samsung Galaxy A55;Samsung;1;Нестабильная связь, иногда пропадает интернет.;03.04.2024
102;Xiaomi Redmi Note 13;Xiaomi;5;Дизайн простой, но функционал на уровне.;14.05.2024
103;Apple iPhone 15;Apple;1;Слишком быстро разряжается батарея.;15.11.2024
101;Samsung Galaxy A55;Samsung;1;Приятно держать в руке, экран яркий.;05.07.2024
102;Xiaomi Redmi Note 13;Xiaomi;3;Цена высокая, но оправдана.;29.09.2024
103;Apple iPhone 15;Apple;5;Плохая комплектация, ожидал больше.;14.07.2024
101;Samsung Galaxy A55;Samsung;3;Средне, есть недостатки по звуку.;22.06.2024
102;Xiaomi Redmi Note 13;Xiaomi;1;Удобный интерфейс, всё понятно.;04.05.2024
103;Apple iPhone 15;Apple;3;Корпус царапается, нужен чехол.;12.06.2024
101;Samsung Galaxy A55;Samsung;4;Цена высокая, но оправдана.;25.06.2024
102;Xiaomi Redmi Note 13;Xiaomi;5;Соотношение цена/качество оптимальное.;05.07.2024
103;Apple iPhone 15;Apple;1;Слабый аккумулятор, приходится заряжать дважды в день.;14.06.2024
101;Samsung Galaxy A55;Samsung;2;Дизайн простой, но функционал на уровне.;12.05.2024
102;Xiaomi Redmi Note 13;Xiaomi;5;Цена высокая, но оправдана.;19.08.2024
103;Apple iPhone 15;Apple;2;Медленно работает GPS.;21.07.2024
101;Samsung Galaxy A55;Samsung;5;Фото отличное, особенно ночные снимки.;17.09.2024
102;Xiaomi Redmi Note 13;Xiaomi;2;Камера не впечатлила.;14.10.2024
103;Apple iPhone 15;Apple;5;Камера не впечатлила.;25.11.2024
101;Samsung Galaxy A55;Samsung;3;Соотношение цена/качество оптимальное.;24.04.2024
102;Xiaomi Redmi Note 13;Xiaomi;1;Камера не впечатлила.;05.06.2024
103;Apple iPhone 15;Apple;4;Соотношение цена/качество оптимальное.;19.10.2024
101;Samsung Galaxy A55;Samsung;5;Корпус царапается, нужен чехол.;24.07.2024
102;Xiaomi Redmi Note 13;Xiaomi;5;Удобный интерфейс, всё понятно.;30.08.2024
103;Apple iPhone 15;Apple;1;Медленно работает GPS.;23.08.2024
101;Samsung Galaxy A55;Samsung;3;Слишком быстро разряжается батарея.;31.07.2024
102;Xiaomi Redmi Note 13;Xiaomi;2;Компактный и лёгкий, удобно носить.;24.06.2024
103;Apple iPhone 15;Apple;2;Удобный интерфейс, всё понятно.;03.06.2024
101;Samsung Galaxy A55;Samsung;3;Очень доволен качеством, всё работает отлично.;08.08.2024
102;Xiaomi Redmi Note 13;Xiaomi;1;Плохая комплектация, ожидал больше.;12.07.2024
103;Apple iPhone 15;Apple;2;Средне, есть недостатки по звуку.;18.08.2024
101;Samsung Galaxy A55;Samsung;2;Средне, есть недостатки по звуку.;08.06.2024
102;Xiaomi Redmi Note 13;Xiaomi;3;Нестабильная связь, иногда пропадает интернет.;07.10.2024
103;Apple iPhone 15;Apple;3;Слабый аккумулятор, приходится заряжать дважды в день.;15.06.2024
101;Samsung Galaxy A55;Samsung;5;Цена высокая, но оправдана.;04.05.2024
102;Xiaomi Redmi Note 13;Xiaomi;2;Слабый аккумулятор, приходится заряжать дважды в день.;04.09.2024
103;Apple iPhone 15;Apple;1;Приятно держать в руке, экран яркий.;21.10.2024
101;Samsung Galaxy A55;Samsung;3;Рекомендую друзьям, лучший выбор.;03.07.2024
102;Xiaomi Redmi Note 13;Xiaomi;2;Фото отличное, особенно ночные снимки.;14.08.2024
103;Apple iPhone 15;Apple;4;Слабый аккумулятор, приходится заряжать дважды в день.;15.10.2024
101;Samsung Galaxy A55;Samsung;3;Компактный и лёгкий, удобно носить.;02.08.2024
102;Xiaomi Redmi Note 13;Xiaomi;1;Плохая комплектация, ожидал больше.;07.06.2024
103;Apple iPhone 15;Apple;5;Компактный и лёгкий, удобно носить.;03.08.2024
101;Samsung Galaxy A55;Samsung;1;Памяти маловато для фото и видео.;30.08.2024
102;Xiaomi Redmi Note 13;Xiaomi;5;Фото отличное, особенно ночные снимки.;20.07.2024
103;Apple iPhone 15;Apple;4;Корпус царапается, нужен чехол.;30.10.2024
101;Samsung Galaxy A55;Samsung;2;Слабый аккумулятор, приходится заряжать дважды в день.;17.06.2024
102;Xiaomi Redmi Note 13;Xiaomi;3;Средне, есть недостатки по звуку.;07.08.2024
103;Apple iPhone 15;Apple;3;Приятно держать в руке, экран яркий.;26.06.2024
101;Samsung Galaxy A55;Samsung;5;Соотношение цена/качество оптимальное.;24.07.2024
102;Xiaomi Redmi Note 13;Xiaomi;4;Удобный интерфейс, всё понятно.;10.05.2024
103;Apple iPhone 15;Apple;5;Корпус царапается, нужен чехол.;25.11.2024
101;Samsung Galaxy A55;Samsung;1;Слабый аккумулятор, приходится заряжать дважды в день.;29.04.2024
102;Xiaomi Redmi Note 13;Xiaomi;5;Средне, есть недостатки по звуку.;03.07.2024
103;Apple iPhone 15;Apple;2;Слишком быстро разряжается батарея.;06.10.2024
101;Samsung Galaxy A55;Samsung;2;Приятно держать в руке, экран яркий.;29.06.2024
102;Xiaomi Redmi Note 13;Xiaomi;2;Рекомендую друзьям, лучший выбор.;15.05.2024
103;Apple iPhone 15;Apple;1;Слабый аккумулятор, приходится заряжать дважды в день.;03.07.2024
101;Samsung Galaxy A55;Samsung;2;Дизайн простой, но функционал на уровне.;13.09.2024
102;Xiaomi Redmi Note 13;Xiaomi;5;Нестабильная связь, иногда пропадает интернет.;25.06.2024
103;Apple iPhone 15;Apple;5;Слабый аккумулятор, приходится заряжать дважды в день.;09.06.2024
101;Samsung Galaxy A55;Samsung;2;Удобный интерфейс, всё понятно.;19.07.2024
102;Xiaomi Redmi Note 13;Xiaomi;5;Дизайн простой, но функционал на уровне.;05.07.2024
103;Apple iPhone 15;Apple;1;Нестабильная связь, иногда пропадает интернет.;13.10.2024
101;Samsung Galaxy A55;Samsung;1;Дизайн простой, но функционал на уровне.;03.06.2024
102;Xiaomi Redmi Note 13;Xiaomi;1;Цена высокая, но оправдана.;31.07.2024
103;Apple iPhone 15;Apple;2;Цена высокая, но оправдана.;17.06.2024
101;Samsung Galaxy A55;Samsung;5;Цена высокая, но оправдана.;27.06.2024
102;Xiaomi Redmi Note 13;Xiaomi;5;Цена высокая, но оправдана.;22.07.2024
103;Apple iPhone 15;Apple;5;Фото отличное, особенно ночные снимки.;12.06.2024
101;Samsung Galaxy A55;Samsung;2;Производительность на высоте.;13.06.2024
102;Xiaomi Redmi Note 13;Xiaomi;3;Дизайн простой, но функционал на уровне.;28.06.2024
103;Apple iPhone 15;Apple;2;Слишком быстро разряжается батарея.;30.08.2024
101;Samsung Galaxy A55;Samsung;4;Корпус царапается, нужен чехол.;30.06.2024
102;Xiaomi Redmi Note 13;Xiaomi;2;Рекомендую друзьям, лучший выбор.;24.10.2024
103;Apple iPhone 15;Apple;4;Нестабильная связь, иногда пропадает интернет.;27.06.2024
101;Samsung Galaxy A55;Samsung;4;Цена высокая, но оправдана.;21.05.2024
102;Xiaomi Redmi Note 13;Xiaomi;1;Много бесполезных приложений в системе.;16.06.2024
103;Apple iPhone 15;Apple;1;Памяти маловато для фото и видео.;28.07.2024
101;Samsung Galaxy A55;Samsung;2;Корпус царапается, нужен чехол.;09.04.2024
102;Xiaomi Redmi Note 13;Xiaomi;2;Соотношение цена/качество оптимальное.;14.08.2024
103;Apple iPhone 15;Apple;1;Производительность на высоте.;05.07.2024
101;Samsung Galaxy A55;Samsung;1;Приятно держать в руке, экран яркий.;07.07.2024
102;Xiaomi Redmi Note 13;Xiaomi;3;Соотношение цена/качество оптимальное.;04.07.2024
103;Apple iPhone 15;Apple;4;Удобный интерфейс, всё понятно.;22.09.2024
101;Samsung Galaxy A55;Samsung;2;Приятно держать в руке, экран яркий.;17.06.2024
102;Xiaomi Redmi Note 13;Xiaomi;2;Плохая комплектация, ожидал больше.;01.09.2024
103;Apple iPhone 15;Apple;4;Слишком быстро разряжается батарея.;05.08.2024
101;Samsung Galaxy A55;Samsung;3;Памяти маловато для фото и видео.;30.04.2024
102;Xiaomi Redmi Note 13;Xiaomi;2;Памяти маловато для фото и видео.;10.10.2024
103;Apple iPhone 15;Apple;4;Слишком быстро разряжается батарея.;20.07.2024
101;Samsung Galaxy A55;Samsung;5;Нестабильная связь, иногда пропадает интернет.;26.04.2024
102;Xiaomi Redmi Note 13;Xiaomi;4;Фото отличное, особенно ночные снимки.;16.06.2024
103;Apple iPhone 15;Apple;5;Слабый аккумулятор, приходится заряжать дважды в день.;27.10.2024
101;Samsung Galaxy A55;Samsung;4;Компактный и лёгкий, удобно носить.;03.06.2024
102;Xiaomi Redmi Note 13;Xiaomi;5;Слабый аккумулятор, приходится заряжать дважды в день.;22.10.2024
103;Apple iPhone 15;Apple;5;Рекомендую друзьям, лучший выбор.;22.06.2024
101;Samsung Galaxy A55;Samsung;2;Удобный интерфейс, всё понятно.;26.09.2024
102;Xiaomi Redmi Note 13;Xiaomi;3;Медленно работает GPS.;25.05.2024
103;Apple iPhone 15;Apple;1;Средне, есть недостатки по звуку.;29.06.2024
101;Samsung Galaxy A55;Samsung;2;Медленно работает GPS.;15.05.2024
102;Xiaomi Redmi Note 13;Xiaomi;2;Медленно работает GPS.;29.09.2024
103;Apple iPhone 15;Apple;4;Рекомендую друзьям, лучший выбор.;11.11.2024
101;Samsung Galaxy A55;Samsung;3;Приятно держать в руке, экран яркий.;13.04.2024
102;Xiaomi Redmi Note 13;Xiaomi;3;Цена высокая, но оправдана.;07.08.2024
103;Apple iPhone 15;Apple;1;Производительность на высоте.;22.09.2024
101;Samsung Galaxy A55;Samsung;5;Цена высокая, но оправдана.;27.07.2024
102;Xiaomi Redmi Note 13;Xiaomi;3;Приятно держать в руке, экран яркий.;07.06.2024
103;Apple iPhone 15;Apple;5;Рекомендую друзьям, лучший выбор.;18.11.2024
101;Samsung Galaxy A55;Samsung;2;Удобный интерфейс, всё понятно.;20.07.2024
102;Xiaomi Redmi Note 13;Xiaomi;2;Нестабильная связь, иногда пропадает интернет.;17.10.2024
103;Apple iPhone 15;Apple;2;Очень доволен качеством, всё работает отлично.;04.11.2024
101;Samsung Galaxy A55;Samsung;1;Памяти маловато для фото и видео.;06.04.2024
102;Xiaomi Redmi Note 13;Xiaomi;1;Компактный и лёгкий, удобно носить.;29.09.2024
103;Apple iPhone 15;Apple;4;Нестабильная связь, иногда пропадает интернет.;17.06.2024
101;Samsung Galaxy A55;Samsung;2;Нестабильная связь, иногда пропадает интернет.;09.04.2024
102;Xiaomi Redmi Note 13;Xiaomi;5;Удобный интерфейс, всё понятно.;23.07.2024
103;Apple iPhone 15;Apple;3;Слишком быстро разряжается батарея.;23.06.2024
101;Samsung Galaxy A55;Samsung;2;Соотношение цена/качество оптимальное.;02.09.2024
102;Xiaomi Redmi Note 13;Xiaomi;3;Памяти маловато для фото и видео.;15.10.2024
103;Apple iPhone 15;Apple;4;Фото отличное, особенно ночные снимки.;14.06.2024
101;Samsung Galaxy A55;Samsung;4;Корпус царапается, нужен чехол.;24.08.2024
102;Xiaomi Redmi Note 13;Xiaomi;4;Много бесполезных приложений в системе.;17.10.2024
103;Apple iPhone 15;Apple;5;Много бесполезных приложений в системе.;27.07.2024
101;Samsung Galaxy A55;Samsung;2;Средне, есть недостатки по звуку.;17.07.2024
102;Xiaomi Redmi Note 13;Xiaomi;5;Рекомендую друзьям, лучший выбор.;18.07.2024
103;Apple iPhone 15;Apple;5;Рекомендую друзьям, лучший выбор.;16.11.2024
101;Samsung Galaxy A55;Samsung;2;Камера не впечатлила.;06.05.2024
102;Xiaomi Redmi Note 13;Xiaomi;4;Очень доволен качеством, всё работает отлично.;19.10.2024
103;Apple iPhone 15;Apple;5;Приятно держать в руке, экран яркий.;17.07.2024
101;Samsung Galaxy A55;Samsung;3;Удобный интерфейс, всё понятно.;07.08.2024
102;Xiaomi Redmi Note 13;Xiaomi;5;Фото отличное, особенно ночные снимки.;27.10.2024
103;Apple iPhone 15;Apple;4;Фото отличное, особенно ночные снимки.;07.07.2024
101;Samsung Galaxy A55;Samsung;3;Медленно работает GPS.;24.06.2024
102;Xiaomi Redmi Note 13;Xiaomi;5;Производительность на высоте.;19.07.2024
103;Apple iPhone 15;Apple;1;Плохая комплектация, ожидал больше.;06.11.2024
101;Samsung Galaxy A55;Samsung;5;Медленно работает GPS.;31.08.2024
102;Xiaomi Redmi Note 13;Xiaomi;4;Камера не впечатлила.;13.06.2024
103;Apple iPhone 15;Apple;2;Корпус царапается, нужен чехол.;16.10.2024
101;Samsung Galaxy A55;Samsung;1;Много бесполезных приложений в системе.;01.04.2024
102;Xiaomi Redmi Note 13;Xiaomi;1;Приятно держать в руке, экран яркий.;22.10.2024
103;Apple iPhone 15;Apple;1;Дизайн простой, но функционал на уровне.;13.09.2024
101;Samsung Galaxy A55;Samsung;1;Плохая комплектация, ожидал больше.;06.05.2024
102;Xiaomi Redmi Note 13;Xiaomi;4;Дизайн простой, но функционал на уровне.;26.09.2024
103;Apple iPhone 15;Apple;3;Цена высокая, но оправдана.;04.06.2024
101;Samsung Galaxy A55;Samsung;3;Корпус царапается, нужен чехол.;20.08.2024
102;Xiaomi Redmi Note 13;Xiaomi;2;Производительность на высоте.;28.10.2024
103;Apple iPhone 15;Apple;3;Очень доволен качеством, всё работает отлично.;09.09.2024
101;Samsung Galaxy A55;Samsung;3;Корпус царапается, нужен чехол.;17.04.2024
102;Xiaomi Redmi Note 13;Xiaomi;5;Камера не впечатлила.;02.10.2024
103;Apple iPhone 15;Apple;2;Корпус царапается, нужен чехол.;26.10.2024
101;Samsung Galaxy A55;Samsung;3;Очень доволен качеством, всё работает отлично.;30.04.2024
102;Xiaomi Redmi Note 13;Xiaomi;5;Очень доволен качеством, всё работает отлично.;23.08.2024
103;Apple iPhone 15;Apple;3;Компактный и лёгкий, удобно носить.;15.06.2024
101;Samsung Galaxy A55;Samsung;2;Камера не впечатлила.;20.08.2024
102;Xiaomi Redmi Note 13;Xiaomi;3;Слабый аккумулятор, приходится заряжать дважды в день.;28.05.2024
103;Apple iPhone 15;Apple;1;Много бесполезных приложений в системе.;05.07.2024
101;Samsung Galaxy A55;Samsung;2;Нестабильная связь, иногда пропадает интернет.;15.06.2024
102;Xiaomi Redmi Note 13;Xiaomi;5;Корпус царапается, нужен чехол.;15.07.2024
103;Apple iPhone 15;Apple;3;Нестабильная связь, иногда пропадает интернет.;14.09.2024
101;Samsung Galaxy A55;Samsung;5;Камера не впечатлила.;21.04.2024
102;Xiaomi Redmi Note 13;Xiaomi;4;Много бесполезных приложений в системе.;17.07.2024
103;Apple iPhone 15;Apple;2;Слабый аккумулятор, приходится заряжать дважды в день.;27.10.2024
101;Samsung Galaxy A55;Samsung;3;Корпус царапается, нужен чехол.;10.04.2024
102;Xiaomi Redmi Note 13;Xiaomi;1;Компактный и лёгкий, удобно носить.;04.08.2024
103;Apple iPhone 15;Apple;5;Памяти маловато для фото и видео.;30.07.2024
101;Samsung Galaxy A55;Samsung;1;Производительность на высоте.;20.08.2024
102;Xiaomi Redmi Note 13;Xiaomi;4;Цена высокая, но оправдана.;02.05.2024
103;Apple iPhone 15;Apple;2;Соотношение цена/качество оптимальное.;25.07.2024
101;Samsung Galaxy A55;Samsung;5;Производительность на высоте.;27.09.2024
102;Xiaomi Redmi Note 13;Xiaomi;5;Рекомендую друзьям, лучший выбор.;02.07.2024
103;Apple iPhone 15;Apple;5;Памяти маловато для фото и видео.;23.08.2024
101;Samsung Galaxy A55;Samsung;3;Слишком быстро разряжается батарея.;13.06.2024
102;Xiaomi Redmi Note 13;Xiaomi;3;Цена высокая, но оправдана.;25.10.2024
103;Apple iPhone 15;Apple;2;Много бесполезных приложений в системе.;17.08.2024
101;Samsung Galaxy A55;Samsung;5;Производительность на высоте.;13.04.2024
102;Xiaomi Redmi Note 13;Xiaomi;4;Камера не впечатлила.;28.06.2024
103;Apple iPhone 15;Apple;5;Производительность на высоте.;03.11.2024
101;Samsung Galaxy A55;Samsung;2;Памяти маловато для фото и видео.;15.06.2024
102;Xiaomi Redmi Note 13;Xiaomi;4;Фото отличное, особенно ночные снимки.;12.06.2024
103;Apple iPhone 15;Apple;4;Корпус царапается, нужен чехол.;14.09.2024
101;Samsung Galaxy A55;Samsung;1;Средне, есть недостатки по звуку.;26.05.2024
102;Xiaomi Redmi Note 13;Xiaomi;3;Много бесполезных приложений в системе.;09.07.2024
103;Apple iPhone 15;Apple;3;Компактный и лёгкий, удобно носить.;15.09.2024
101;Samsung Galaxy A55;Samsung;1;Средне, есть недостатки по звуку.;05.09.2024
102;Xiaomi Redmi Note 13;Xiaomi;3;Приятно держать в руке, экран яркий.;23.08.2024
103;Apple iPhone 15;Apple;3;Много бесполезных приложений в системе.;05.08.2024
101;Samsung Galaxy A55;Samsung;2;Слабый аккумулятор, приходится заряжать дважды в день.;11.08.2024
102;Xiaomi Redmi Note 13;Xiaomi;5;Компактный и лёгкий, удобно носить.;18.08.2024
103;Apple iPhone 15;Apple;4;Плохая комплектация, ожидал больше.;23.10.2024
101;Samsung Galaxy A55;Samsung;5;Дизайн простой, но функционал на уровне.;21.06.2024
102;Xiaomi Redmi Note 13;Xiaomi;2;Слишком быстро разряжается батарея.;01.06.2024
103;Apple iPhone 15;Apple;1;Камера не впечатлила.;18.09.2024
101;Samsung Galaxy A55;Samsung;3;Производительность на высоте.;25.09.2024
102;Xiaomi Redmi Note 13;Xiaomi;2;Рекомендую друзьям, лучший выбор.;31.08.2024
103;Apple iPhone 15;Apple;1;Слабый аккумулятор, приходится заряжать дважды в день.;04.06.2024
101;Samsung Galaxy A55;Samsung;4;Производительность на высоте.;17.07.2024
102;Xiaomi Redmi Note 13;Xiaomi;1;Медленно работает GPS.;05.08.2024
103;Apple iPhone 15;Apple;3;Производительность на высоте.;26.07.2024
101;Samsung Galaxy A55;Samsung;5;Нестабильная связь, иногда пропадает интернет.;24.04.2024
102;Xiaomi Redmi Note 13;Xiaomi;4;Удобный интерфейс, всё понятно.;27.08.2024
103;Apple iPhone 15;Apple;1;Слабый аккумулятор, приходится заряжать дважды в день.;19.07.2024
101;Samsung Galaxy A55;Samsung;4;Приятно держать в руке, экран яркий.;01.05.2024
102;Xiaomi Redmi Note 13;Xiaomi;2;Удобный интерфейс, всё понятно.;03.05.2024
103;Apple iPhone 15;Apple;5;Цена высокая, но оправдана.;22.06.2024
101;Samsung Galaxy A55;Samsung;2;Медленно работает GPS.;12.06.2024
102;Xiaomi Redmi Note 13;Xiaomi;5;Слишком быстро разряжается батарея.;15.07.2024
103;Apple iPhone 15;Apple;1;Компактный и лёгкий, удобно носить.;26.06.2024
101;Samsung Galaxy A55;Samsung;2;Камера не впечатлила.;31.07.2024
102;Xiaomi Redmi Note 13;Xiaomi;3;Корпус царапается, нужен чехол.;30.09.2024
103;Apple iPhone 15;Apple;4;Памяти маловато для фото и видео.;20.10.2024
101;Samsung Galaxy A55;Samsung;4;Фото отличное, особенно ночные снимки.;09.07.2024
102;Xiaomi Redmi Note 13;Xiaomi;3;Медленно работает GPS.;27.05.2024
103;Apple iPhone 15;Apple;4;Производительность на высоте.;12.08.2024
101;Samsung Galaxy A55;Samsung;5;Производительность на высоте.;19.06.2024
102;Xiaomi Redmi Note 13;Xiaomi;4;Соотношение цена/качество оптимальное.;03.08.2024
103;Apple iPhone 15;Apple;4;Слабый аккумулятор, приходится заряжать дважды в день.;25.09.2024
101;Samsung Galaxy A55;Samsung;4;Очень доволен качеством, всё работает отлично.;03.06.2024
102;Xiaomi Redmi Note 13;Xiaomi;1;Памяти маловато для фото и видео.;09.10.2024
103;Apple iPhone 15;Apple;5;Приятно держать в руке, экран яркий.;18.08.2024
101;Samsung Galaxy A55;Samsung;1;Компактный и лёгкий, удобно носить.;13.07.2024
102;Xiaomi Redmi Note 13;Xiaomi;5;Слишком быстро разряжается батарея.;10.09.2024
103;Apple iPhone 15;Apple;2;Рекомендую друзьям, лучший выбор.;25.08.2024
101;Samsung Galaxy A55;Samsung;2;Компактный и лёгкий, удобно носить.;07.04.2024
102;Xiaomi Redmi Note 13;Xiaomi;4;Цена высокая, но оправдана.;27.08.2024
103;Apple iPhone 15;Apple;2;Производительность на высоте.;18.07.2024
101;Samsung Galaxy A55;Samsung;4;Фото отличное, особенно ночные снимки.;21.07.2024
102;Xiaomi Redmi Note 13;Xiaomi;4;Камера не впечатлила.;06.09.2024
103;Apple iPhone 15;Apple;1;Слабый аккумулятор, приходится заряжать дважды в день.;29.08.2024
101;Samsung Galaxy A55;Samsung;5;Очень доволен качеством, всё работает отлично.;01.05.2024
102;Xiaomi Redmi Note 13;Xiaomi;4;Компактный и лёгкий, удобно носить.;09.10.2024
103;Apple iPhone 15;Apple;2;Компактный и лёгкий, удобно носить.;27.10.2024
101;Samsung Galaxy A55;Samsung;3;Плохая комплектация, ожидал больше.;23.08.2024
102;Xiaomi Redmi Note 13;Xiaomi;3;Компактный и лёгкий, удобно носить.;10.07.2024
103;Apple iPhone 15;Apple;2;Производительность на высоте.;17.06.2024
101;Samsung Galaxy A55;Samsung;3;Рекомендую друзьям, лучший выбор.;05.09.2024
102;Xiaomi Redmi Note 13;Xiaomi;4;Фото отличное, особенно ночные снимки.;31.07.2024
103;Apple iPhone 15;Apple;2;Рекомендую друзьям, лучший выбор.;15.10.2024
101;Samsung Galaxy A55;Samsung;1;Слабый аккумулятор, приходится заряжать дважды в день.;02.06.2024
102;Xiaomi Redmi Note 13;Xiaomi;1;Компактный и лёгкий, удобно носить.;25.10.2024
103;Apple iPhone 15;Apple;5;Фото отличное, особенно ночные снимки.;20.07.2024
101;Samsung Galaxy A55;Samsung;2;Средне, есть недостатки по звуку.;08.05.2024
102;Xiaomi Redmi Note 13;Xiaomi;1;Очень доволен качеством, всё работает отлично.;05.07.2024
103;Apple iPhone 15;Apple;3;Медленно работает GPS.;11.07.2024
101;Samsung Galaxy A55;Samsung;5;Медленно работает GPS.;20.05.2024
102;Xiaomi Redmi Note 13;Xiaomi;3;Слишком быстро разряжается батарея.;18.05.2024
103;Apple iPhone 15;Apple;1;Производительность на высоте.;06.11.2024
101;Samsung Galaxy A55;Samsung;5;Удобный интерфейс, всё понятно.;20.04.2024
102;Xiaomi Redmi Note 13;Xiaomi;1;Соотношение цена/качество оптимальное.;01.05.2024
103;Apple iPhone 15;Apple;5;Приятно держать в руке, экран яркий.;06.08.2024
101;Samsung Galaxy A55;Samsung;4;Производительность на высоте.;23.08.2024
102;Xiaomi Redmi Note 13;Xiaomi;2;Корпус царапается, нужен чехол.;13.08.2024
103;Apple iPhone 15;Apple;1;Рекомендую друзьям, лучший выбор.;06.07.2024
101;Samsung Galaxy A55;Samsung;3;Плохая комплектация, ожидал больше.;17.09.2024
102;Xiaomi Redmi Note 13;Xiaomi;3;Медленно работает GPS.;08.06.2024
103;Apple iPhone 15;Apple;5;Удобный интерфейс, всё понятно.;03.06.2024
101;Samsung Galaxy A55;Samsung;5;Рекомендую друзьям, лучший выбор.;12.07.2024
102;Xiaomi Redmi Note 13;Xiaomi;5;Много бесполезных приложений в системе.;02.08.2024
103;Apple iPhone 15;Apple;3;Плохая комплектация, ожидал больше.;03.07.2024
101;Samsung Galaxy A55;Samsung;3;Дизайн простой, но функционал на уровне.;06.06.2024
102;Xiaomi Redmi Note 13;Xiaomi;1;Слишком быстро разряжается батарея.;11.09.2024
103;Apple iPhone 15;Apple;4;Рекомендую друзьям, лучший выбор.;20.11.2024
101;Samsung Galaxy A55;Samsung;5;Очень доволен качеством, всё работает отлично.;10.07.2024
102;Xiaomi Redmi Note 13;Xiaomi;5;Компактный и лёгкий, удобно носить.;07.06.2024
103;Apple iPhone 15;Apple;3;Нестабильная связь, иногда пропадает интернет.;30.06.2024
101;Samsung Galaxy A55;Samsung;1;Удобный интерфейс, всё понятно.;20.09.2024
102;Xiaomi Redmi Note 13;Xiaomi;3;Медленно работает GPS.;20.06.2024
103;Apple iPhone 15;Apple;5;Очень доволен качеством, всё работает отлично.;13.07.2024
101;Samsung Galaxy A55;Samsung;3;Цена высокая, но оправдана.;24.08.2024
102;Xiaomi Redmi Note 13;Xiaomi;1;Компактный и лёгкий, удобно носить.;27.09.2024
103;Apple iPhone 15;Apple;5;Медленно работает GPS.;24.06.2024
101;Samsung Galaxy A55;Samsung;3;Цена высокая, но оправдана.;20.07.2024
102;Xiaomi Redmi Note 13;Xiaomi;1;Корпус царапается, нужен чехол.;30.08.2024
103;Apple iPhone 15;Apple;1;Приятно держать в руке, экран яркий.;27.10.2024
101;Samsung Galaxy A55;Samsung;2;Корпус царапается, нужен чехол.;14.06.2024
102;Xiaomi Redmi Note 13;Xiaomi;4;Медленно работает GPS.;08.10.2024
103;Apple iPhone 15;Apple;5;Средне, есть недостатки по звуку.;02.10.2024
101;Samsung Galaxy A55;Samsung;5;Соотношение цена/качество оптимальное.;25.04.2024
102;Xiaomi Redmi Note 13;Xiaomi;5;Плохая комплектация, ожидал больше.;01.10.2024
103;Apple iPhone 15;Apple;5;Цена высокая, но оправдана.;20.11.2024
101;Samsung Galaxy A55;Samsung;1;Средне, есть недостатки по звуку.;05.04.2024
102;Xiaomi Redmi Note 13;Xiaomi;5;Памяти маловато для фото и видео.;21.10.2024
103;Apple iPhone 15;Apple;1;Медленно работает GPS.;05.11.2024
101;Samsung Galaxy A55;Samsung;5;Корпус царапается, нужен чехол.;28.04.2024
102;Xiaomi Redmi Note 13;Xiaomi;2;Слишком быстро разряжается батарея.;28.05.2024
103;Apple iPhone 15;Apple;5;Камера не впечатлила.;24.08.2024
101;Samsung Galaxy A55;Samsung;3;Памяти маловато для фото и видео.;22.09.2024
102;Xiaomi Redmi Note 13;Xiaomi;5;Цена высокая, но оправдана.;05.06.2024
103;Apple iPhone 15;Apple;4;Нестабильная связь, иногда пропадает интернет.;01.09.2024
101;Samsung Galaxy A55;Samsung;1;Плохая комплектация, ожидал больше.;17.04.2024
102;Xiaomi Redmi Note 13;Xiaomi;1;Приятно держать в руке, экран яркий.;17.06.2024
103;Apple iPhone 15;Apple;5;Много бесполезных приложений в системе.;05.11.2024
101;Samsung Galaxy A55;Samsung;2;Приятно держать в руке, экран яркий.;24.05.2024
102;Xiaomi Redmi Note 13;Xiaomi;2;Рекомендую друзьям, лучший выбор.;17.06.2024
103;Apple iPhone 15;Apple;5;Фото отличное, особенно ночные снимки.;19.09.2024
101;Samsung Galaxy A55;Samsung;2;Слишком быстро разряжается батарея.;03.06.2024
102;Xiaomi Redmi Note 13;Xiaomi;2;Компактный и лёгкий, удобно носить.;24.05.2024
103;Apple iPhone 15;Apple;1;Рекомендую друзьям, лучший выбор.;20.10.2024
101;Samsung Galaxy A55;Samsung;1;Компактный и лёгкий, удобно носить.;22.04.2024
102;Xiaomi Redmi Note 13;Xiaomi;3;Камера не впечатлила.;14.08.2024
103;Apple iPhone 15;Apple;4;Памяти маловато для фото и видео.;11.06.2024
101;Samsung Galaxy A55;Samsung;3;Очень доволен качеством, всё работает отлично.;08.07.2024
102;Xiaomi Redmi Note 13;Xiaomi;1;Приятно держать в руке, экран яркий.;26.09.2024
103;Apple iPhone 15;Apple;2;Камера не впечатлила.;14.10.2024
101;Samsung Galaxy A55;Samsung;1;Нестабильная связь, иногда пропадает интернет.;27.04.2024
102;Xiaomi Redmi Note 13;Xiaomi;1;Камера не впечатлила.;05.07.2024
103;Apple iPhone 15;Apple;3;Средне, есть недостатки по звуку.;10.11.2024
101;Samsung Galaxy A55;Samsung;1;Дизайн простой, но функционал на уровне.;22.09.2024
102;Xiaomi Redmi Note 13;Xiaomi;5;Фото отличное, особенно ночные снимки.;27.09.2024
103;Apple iPhone 15;Apple;2;Камера не впечатлила.;29.10.2024
101;Samsung Galaxy A55;Samsung;2;Удобный интерфейс, всё понятно.;30.05.2024
102;Xiaomi Redmi Note 13;Xiaomi;3;Слишком быстро разряжается батарея.;23.10.2024
103;Apple iPhone 15;Apple;5;Средне, есть недостатки по звуку.;20.10.2024
101;Samsung Galaxy A55;Samsung;1;Удобный интерфейс, всё понятно.;14.04.2024
102;Xiaomi Redmi Note 13;Xiaomi;2;Удобный интерфейс, всё понятно.;01.09.2024
103;Apple iPhone 15;Apple;4;Компактный и лёгкий, удобно носить.;17.09.2024
101;Samsung Galaxy A55;Samsung;2;Много бесполезных приложений в системе.;29.06.2024
102;Xiaomi Redmi Note 13;Xiaomi;5;Приятно держать в руке, экран яркий.;08.09.2024
103;Apple iPhone 15;Apple;3;Корпус царапается, нужен чехол.;23.10.2024
101;Samsung Galaxy A55;Samsung;1;Очень доволен качеством, всё работает отлично.;19.08.2024
102;Xiaomi Redmi Note 13;Xiaomi;5;Цена высокая, но оправдана.;04.08.2024
103;Apple iPhone 15;Apple;3;Производительность на высоте.;03.09.2024
101;Samsung Galaxy A55;Samsung;2;Корпус царапается, нужен чехол.;10.05.2024
102;Xiaomi Redmi Note 13;Xiaomi;1;Много бесполезных приложений в системе.;08.05.2024
103;Apple iPhone 15;Apple;3;Приятно держать в руке, экран яркий.;27.10.2024
101;Samsung Galaxy A55;Samsung;4;Рекомендую друзьям, лучший выбор.;15.08.2024
102;Xiaomi Redmi Note 13;Xiaomi;2;Дизайн простой, но функционал на уровне.;04.07.2024
103;Apple iPhone 15;Apple;5;Компактный и лёгкий, удобно носить.;06.08.2024
101;Samsung Galaxy A55;Samsung;4;Много бесполезных приложений в системе.;04.07.2024
102;Xiaomi Redmi Note 13;Xiaomi;2;Корпус царапается, нужен чехол.;23.08.2024
103;Apple iPhone 15;Apple;5;Медленно работает GPS.;05.07.2024
101;Samsung Galaxy A55;Samsung;4;Медленно работает GPS.;19.04.2024
102;Xiaomi Redmi Note 13;Xiaomi;2;Цена высокая, но оправдана.;31.05.2024
103;Apple iPhone 15;Apple;1;Много бесполезных приложений в системе.;24.09.2024
101;Samsung Galaxy A55;Samsung;5;Памяти маловато для фото и видео.;16.06.2024
102;Xiaomi Redmi Note 13;Xiaomi;1;Рекомендую друзьям, лучший выбор.;30.06.2024
103;Apple iPhone 15;Apple;3;Корпус царапается, нужен чехол.;07.08.2024
101;Samsung Galaxy A55;Samsung;1;Рекомендую друзьям, лучший выбор.;25.05.2024
102;Xiaomi Redmi Note 13;Xiaomi;4;Корпус царапается, нужен чехол.;14.07.2024
103;Apple iPhone 15;Apple;1;Удобный интерфейс, всё понятно.;06.09.2024
101;Samsung Galaxy A55;Samsung;5;Производительность на высоте.;01.04.2024
102;Xiaomi Redmi Note 13;Xiaomi;5;Плохая комплектация, ожидал больше.;14.09.2024
103;Apple iPhone 15;Apple;3;Слабый аккумулятор, приходится заряжать дважды в день.;06.11.2024
101;Samsung Galaxy A55;Samsung;3;Много бесполезных приложений в системе.;20.04.2024
102;Xiaomi Redmi Note 13;Xiaomi;5;Медленно работает GPS.;01.07.2024
103;Apple iPhone 15;Apple;1;Удобный интерфейс, всё понятно.;30.09.2024
101;Samsung Galaxy A55;Samsung;4;Средне, есть недостатки по звуку.;19.09.2024
102;Xiaomi Redmi Note 13;Xiaomi;1;Нестабильная связь, иногда пропадает интернет.;10.05.2024
103;Apple iPhone 15;Apple;1;Слабый аккумулятор, приходится заряжать дважды в день.;24.10.2024
101;Samsung Galaxy A55;Samsung;3;Фото отличное, особенно ночные снимки.;02.05.2024
102;Xiaomi Redmi Note 13;Xiaomi;3;Фото отличное, особенно ночные снимки.;17.08.2024
103;Apple iPhone 15;Apple;5;Слишком быстро разряжается батарея.;14.08.2024
101;Samsung Galaxy A55;Samsung;3;Медленно работает GPS.;24.08.2024
102;Xiaomi Redmi Note 13;Xiaomi;4;Производительность на высоте.;05.08.2024
103;Apple iPhone 15;Apple;5;Компактный и лёгкий, удобно носить.;13.08.2024
101;Samsung Galaxy A55;Samsung;3;Соотношение цена/качество оптимальное.;19.07.2024
102;Xiaomi Redmi Note 13;Xiaomi;1;Приятно держать в руке, экран яркий.;22.07.2024
103;Apple iPhone 15;Apple;2;Памяти маловато для фото и видео.;07.10.2024
101;Samsung Galaxy A55;Samsung;1;Рекомендую друзьям, лучший выбор.;17.06.2024
102;Xiaomi Redmi Note 13;Xiaomi;1;Плохая комплектация, ожидал больше.;24.07.2024
103;Apple iPhone 15;Apple;4;Нестабильная связь, иногда пропадает интернет.;06.10.2024
101;Samsung Galaxy A55;Samsung;3;Памяти маловато для фото и видео.;21.04.2024
102;Xiaomi Redmi Note 13;Xiaomi;5;Соотношение цена/качество оптимальное.;17.05.2024
103;Apple iPhone 15;Apple;5;Памяти маловато для фото и видео.;07.10.2024
101;Samsung Galaxy A55;Samsung;1;Приятно держать в руке, экран яркий.;03.08.2024
102;Xiaomi Redmi Note 13;Xiaomi;3;Приятно держать в руке, экран яркий.;22.05.2024
103;Apple iPhone 15;Apple;1;Очень доволен качеством, всё работает отлично.;07.08.2024
101;Samsung Galaxy A55;Samsung;4;Много бесполезных приложений в системе.;09.07.2024
102;Xiaomi Redmi Note 13;Xiaomi;2;Компактный и лёгкий, удобно носить.;10.06.2024
103;Apple iPhone 15;Apple;1;Слабый аккумулятор, приходится заряжать дважды в день.;09.10.2024
101;Samsung Galaxy A55;Samsung;2;Плохая комплектация, ожидал больше.;07.05.2024
102;Xiaomi Redmi Note 13;Xiaomi;5;Соотношение цена/качество оптимальное.;15.08.2024
103;Apple iPhone 15;Apple;1;Соотношение цена/качество оптимальное.;06.09.2024
101;Samsung Galaxy A55;Samsung;4;Много бесполезных приложений в системе.;03.04.2024
102;Xiaomi Redmi Note 13;Xiaomi;2;Удобный интерфейс, всё понятно.;13.08.2024
103;Apple iPhone 15;Apple;2;Цена высокая, но оправдана.;04.09.2024
101;Samsung Galaxy A55;Samsung;3;Корпус царапается, нужен чехол.;13.06.2024
102;Xiaomi Redmi Note 13;Xiaomi;4;Рекомендую друзьям, лучший выбор.;11.06.2024
103;Apple iPhone 15;Apple;2;Камера не впечатлила.;10.11.2024
101;Samsung Galaxy A55;Samsung;5;Фото отличное, особенно ночные снимки.;12.04.2024
102;Xiaomi Redmi Note 13;Xiaomi;5;Удобный интерфейс, всё понятно.;28.08.2024
103;Apple iPhone 15;Apple;4;Соотношение цена/качество оптимальное.;14.07.2024
101;Samsung Galaxy A55;Samsung;1;Цена высокая, но оправдана.;03.09.2024
102;Xiaomi Redmi Note 13;Xiaomi;2;Слишком быстро разряжается батарея.;08.07.2024
103;Apple iPhone 15;Apple;3;Корпус царапается, нужен чехол.;28.06.2024
101;Samsung Galaxy A55;Samsung;5;Камера не впечатлила.;05.09.2024
102;Xiaomi Redmi Note 13;Xiaomi;5;Производительность на высоте.;20.05.2024
103;Apple iPhone 15;Apple;1;Слабый аккумулятор, приходится заряжать дважды в день.;19.09.2024
101;Samsung Galaxy A55;Samsung;5;Камера не впечатлила.;11.07.2024
102;Xiaomi Redmi Note 13;Xiaomi;3;Плохая комплектация, ожидал больше.;12.09.2024
103;Apple iPhone 15;Apple;2;Плохая комплектация, ожидал больше.;13.09.2024
101;Samsung Galaxy A55;Samsung;5;Рекомендую друзьям, лучший выбор.;07.07.2024
102;Xiaomi Redmi Note 13;Xiaomi;2;Памяти маловато для фото и видео.;19.05.2024
103;Apple iPhone 15;Apple;1;Дизайн простой, но функционал на уровне.;11.11.2024
101;Samsung Galaxy A55;Samsung;1;Памяти маловато для фото и видео.;24.05.2024
102;Xiaomi Redmi Note 13;Xiaomi;2;Очень доволен качеством, всё работает отлично.;02.07.2024
103;Apple iPhone 15;Apple;1;Производительность на высоте.;02.10.2024
101;Samsung Galaxy A55;Samsung;5;Средне, есть недостатки по звуку.;28.04.2024
102;Xiaomi Redmi Note 13;Xiaomi;4;Слабый аккумулятор, приходится заряжать дважды в день.;03.05.2024
103;Apple iPhone 15;Apple;2;Очень доволен качеством, всё работает отлично.;07.06.2024
101;Samsung Galaxy A55;Samsung;5;Компактный и лёгкий, удобно носить.;18.09.2024
102;Xiaomi Redmi Note 13;Xiaomi;2;Медленно работает GPS.;16.09.2024
103;Apple iPhone 15;Apple;5;Удобный интерфейс, всё понятно.;13.10.2024
101;Samsung Galaxy A55;Samsung;5;Слишком быстро разряжается батарея.;06.07.2024
102;Xiaomi Redmi Note 13;Xiaomi;1;Производительность на высоте.;01.10.2024
103;Apple iPhone 15;Apple;5;Камера не впечатлила.;24.07.2024
101;Samsung Galaxy A55;Samsung;3;Удобный интерфейс, всё понятно.;21.04.2024
102;Xiaomi Redmi Note 13;Xiaomi;5;Камера не впечатлила.;17.08.2024
103;Apple iPhone 15;Apple;1;Соотношение цена/качество оптимальное.;08.06.2024
101;Samsung Galaxy A55;Samsung;4;Медленно работает GPS.;08.04.2024
102;Xiaomi Redmi Note 13;Xiaomi;4;Дизайн простой, но функционал на уровне.;06.09.2024
103;Apple iPhone 15;Apple;3;Фото отличное, особенно ночные снимки.;05.10.2024
101;Samsung Galaxy A55;Samsung;4;Рекомендую друзьям, лучший выбор.;02.07.2024
102;Xiaomi Redmi Note 13;Xiaomi;5;Фото отличное, особенно ночные снимки.;22.10.2024
103;Apple iPhone 15;Apple;5;Нестабильная связь, иногда пропадает интернет.;10.10.2024
101;Samsung Galaxy A55;Samsung;5;Камера не впечатлила.;26.05.2024
102;Xiaomi Redmi Note 13;Xiaomi;3;Много бесполезных приложений в системе.;08.05.2024
103;Apple iPhone 15;Apple;2;Средне, есть недостатки по звуку.;13.07.2024
101;Samsung Galaxy A55;Samsung;4;Приятно держать в руке, экран яркий.;02.07.2024
102;Xiaomi Redmi Note 13;Xiaomi;3;Средне, есть недостатки по звуку.;24.09.2024
103;Apple iPhone 15;Apple;5;Памяти маловато для фото и видео.;02.09.2024
101;Samsung Galaxy A55;Samsung;5;Средне, есть недостатки по звуку.;14.05.2024
102;Xiaomi Redmi Note 13;Xiaomi;2;Компактный и лёгкий, удобно носить.;08.09.2024
103;Apple iPhone 15;Apple;3;Много бесполезных приложений в системе.;13.11.2024
101;Samsung Galaxy A55;Samsung;5;Слишком быстро разряжается батарея.;15.09.2024
102;Xiaomi Redmi Note 13;Xiaomi;3;Нестабильная связь, иногда пропадает интернет.;15.05.2024
103;Apple iPhone 15;Apple;1;Слабый аккумулятор, приходится заряжать дважды в день.;16.07.2024
101;Samsung Galaxy A55;Samsung;3;Соотношение цена/качество оптимальное.;27.05.2024
102;Xiaomi Redmi Note 13;Xiaomi;2;Средне, есть недостатки по звуку.;19.05.2024
103;Apple iPhone 15;Apple;5;Дизайн простой, но функционал на уровне.;30.06.2024
101;Samsung Galaxy A55;Samsung;3;Приятно держать в руке, экран яркий.;04.08.2024
102;Xiaomi Redmi Note 13;Xiaomi;4;Слишком быстро разряжается батарея.;06.08.2024
103;Apple iPhone 15;Apple;5;Слишком быстро разряжается батарея.;25.11.2024
101;Samsung Galaxy A55;Samsung;3;Плохая комплектация, ожидал больше.;07.08.2024
102;Xiaomi Redmi Note 13;Xiaomi;2;Фото отличное, особенно ночные снимки.;16.06.2024
103;Apple iPhone 15;Apple;1;Удобный интерфейс, всё понятно.;01.11.2024
101;Samsung Galaxy A55;Samsung;2;Компактный и лёгкий, удобно носить.;03.06.2024
102;Xiaomi Redmi Note 13;Xiaomi;2;Памяти маловато для фото и видео.;01.09.2024
103;Apple iPhone 15;Apple;5;Много бесполезных приложений в системе.;03.09.2024
101;Samsung Galaxy A55;Samsung;4;Очень доволен качеством, всё работает отлично.;27.04.2024
102;Xiaomi Redmi Note 13;Xiaomi;1;Фото отличное, особенно ночные снимки.;30.07.2024
103;Apple iPhone 15;Apple;3;Памяти маловато для фото и видео.;16.06.2024
101;Samsung Galaxy A55;Samsung;5;Плохая комплектация, ожидал больше.;13.06.2024
102;Xiaomi Redmi Note 13;Xiaomi;2;Камера не впечатлила.;06.10.2024
103;Apple iPhone 15;Apple;3;Дизайн простой, но функционал на уровне.;17.06.2024
101;Samsung Galaxy A55;Samsung;1;Корпус царапается, нужен чехол.;07.07.2024
102;Xiaomi Redmi Note 13;Xiaomi;1;Дизайн простой, но функционал на уровне.;11.08.2024
103;Apple iPhone 15;Apple;2;Слабый аккумулятор, приходится заряжать дважды в день.;28.07.2024
101;Samsung Galaxy A55;Samsung;3;Много бесполезных приложений в системе.;14.07.2024
102;Xiaomi Redmi Note 13;Xiaomi;4;Плохая комплектация, ожидал больше.;27.07.2024
103;Apple iPhone 15;Apple;5;Дизайн простой, но функционал на уровне.;27.07.2024
101;Samsung Galaxy A55;Samsung;2;Соотношение цена/качество оптимальное.;22.07.2024
102;Xiaomi Redmi Note 13;Xiaomi;1;Слабый аккумулятор, приходится заряжать дважды в день.;28.05.2024
103;Apple iPhone 15;Apple;3;Цена высокая, но оправдана.;08.11.2024
101;Samsung Galaxy A55;Samsung;3;Много бесполезных приложений в системе.;29.06.2024
102;Xiaomi Redmi Note 13;Xiaomi;5;Фото отличное, особенно ночные снимки.;26.10.2024
103;Apple iPhone 15;Apple;3;Рекомендую друзьям, лучший выбор.;25.11.2024
101;Samsung Galaxy A55;Samsung;2;Средне, есть недостатки по звуку.;01.07.2024
102;Xiaomi Redmi Note 13;Xiaomi;5;Очень доволен качеством, всё работает отлично.;01.09.2024
103;Apple iPhone 15;Apple;4;Корпус царапается, нужен чехол.;29.09.2024
101;Samsung Galaxy A55;Samsung;2;Нестабильная связь, иногда пропадает интернет.;23.04.2024
102;Xiaomi Redmi Note 13;Xiaomi;2;Производительность на высоте.;12.06.2024
103;Apple iPhone 15;Apple;1;Средне, есть недостатки по звуку.;11.11.2024
101;Samsung Galaxy A55;Samsung;3;Производительность на высоте.;23.04.2024
102;Xiaomi Redmi Note 13;Xiaomi;5;Средне, есть недостатки по звуку.;10.09.2024
103;Apple iPhone 15;Apple;3;Дизайн простой, но функционал на уровне.;30.09.2024
101;Samsung Galaxy A55;Samsung;3;Удобный интерфейс, всё понятно.;25.07.2024
102;Xiaomi Redmi Note 13;Xiaomi;3;Много бесполезных приложений в системе.;15.06.2024
103;Apple iPhone 15;Apple;3;Производительность на высоте.;11.10.2024
101;Samsung Galaxy A55;Samsung;4;Очень доволен качеством, всё работает отлично.;01.04.2024
102;Xiaomi Redmi Note 13;Xiaomi;3;Производительность на высоте.;24.06.2024
103;Apple iPhone 15;Apple;2;Фото отличное, особенно ночные снимки.;19.06.2024
101;Samsung Galaxy A55;Samsung;5;Слабый аккумулятор, приходится заряжать дважды в день.;20.04.2024
102;Xiaomi Redmi Note 13;Xiaomi;3;Корпус царапается, нужен чехол.;15.06.2024
103;Apple iPhone 15;Apple;5;Дизайн простой, но функционал на уровне.;14.06.2024
101;Samsung Galaxy A55;Samsung;3;Соотношение цена/качество оптимальное.;01.08.2024
102;Xiaomi Redmi Note 13;Xiaomi;5;Средне, есть недостатки по звуку.;21.05.2024
103;Apple iPhone 15;Apple;5;Компактный и лёгкий, удобно носить.;07.07.2024
101;Samsung Galaxy A55;Samsung;4;Камера не впечатлила.;10.09.2024
102;Xiaomi Redmi Note 13;Xiaomi;3;Слишком быстро разряжается батарея.;18.05.2024
103;Apple iPhone 15;Apple;1;Очень доволен качеством, всё работает отлично.;13.08.2024
101;Samsung Galaxy A55;Samsung;2;Удобный интерфейс, всё понятно.;08.09.2024
102;Xiaomi Redmi Note 13;Xiaomi;4;Средне, есть недостатки по звуку.;31.07.2024
103;Apple iPhone 15;Apple;3;Средне, есть недостатки по звуку.;18.06.2024
101;Samsung Galaxy A55;Samsung;1;Слишком быстро разряжается батарея.;14.04.2024
102;Xiaomi Redmi Note 13;Xiaomi;3;Много бесполезных приложений в системе.;04.10.2024
103;Apple iPhone 15;Apple;1;Много бесполезных приложений в системе.;30.08.2024
101;Samsung Galaxy A55;Samsung;3;Рекомендую друзьям, лучший выбор.;28.08.2024
102;Xiaomi Redmi Note 13;Xiaomi;3;Корпус царапается, нужен чехол.;01.08.2024
103;Apple iPhone 15;Apple;5;Рекомендую друзьям, лучший выбор.;27.06.2024
101;Samsung Galaxy A55;Samsung;4;Компактный и лёгкий, удобно носить.;24.08.2024
102;Xiaomi Redmi Note 13;Xiaomi;5;Удобный интерфейс, всё понятно.;11.07.2024
103;Apple iPhone 15;Apple;2;Средне, есть недостатки по звуку.;09.06.2024
101;Samsung Galaxy A55;Samsung;4;Слишком быстро разряжается батарея.;22.09.2024
102;Xiaomi Redmi Note 13;Xiaomi;3;Фото отличное, особенно ночные снимки.;28.05.2024
103;Apple iPhone 15;Apple;2;Памяти маловато для фото и видео.;11.11.2024
101;Samsung Galaxy A55;Samsung;2;Очень доволен качеством, всё работает отлично.;29.05.2024
102;Xiaomi Redmi Note 13;Xiaomi;5;Много бесполезных приложений в системе.;12.06.2024
103;Apple iPhone 15;Apple;1;Дизайн простой, но функционал на уровне.;24.07.2024
101;Samsung Galaxy A55;Samsung;2;Медленно работает GPS.;17.04.2024
102;Xiaomi Redmi Note 13;Xiaomi;2;Камера не впечатлила.;21.06.2024
103;Apple iPhone 15;Apple;4;Удобный интерфейс, всё понятно.;25.08.2024
101;Samsung Galaxy A55;Samsung;1;Цена высокая, но оправдана.;24.07.2024
102;Xiaomi Redmi Note 13;Xiaomi;4;Соотношение цена/качество оптимальное.;14.07.2024
103;Apple iPhone 15;Apple;3;Дизайн простой, но функционал на уровне.;22.07.2024
101;Samsung Galaxy A55;Samsung;5;Средне, есть недостатки по звуку.;22.05.2024
102;Xiaomi Redmi Note 13;Xiaomi;4;Медленно работает GPS.;23.10.2024
103;Apple iPhone 15;Apple;5;Компактный и лёгкий, удобно носить.;22.09.2024
101;Samsung Galaxy A55;Samsung;5;Плохая комплектация, ожидал больше.;14.06.2024
102;Xiaomi Redmi Note 13;Xiaomi;2;Дизайн простой, но функционал на уровне.;07.10.2024
103;Apple iPhone 15;Apple;5;Камера не впечатлила.;20.07.2024
101;Samsung Galaxy A55;Samsung;1;Компактный и лёгкий, удобно носить.;08.04.2024
102;Xiaomi Redmi Note 13;Xiaomi;1;Соотношение цена/качество оптимальное.;22.05.2024
103;Apple iPhone 15;Apple;2;Рекомендую друзьям, лучший выбор.;05.10.2024
101;Samsung Galaxy A55;Samsung;5;Дизайн простой, но функционал на уровне.;28.09.2024
102;Xiaomi Redmi Note 13;Xiaomi;4;Цена высокая, но оправдана.;28.05.2024
103;Apple iPhone 15;Apple;4;Компактный и лёгкий, удобно носить.;21.08.2024
101;Samsung Galaxy A55;Samsung;5;Камера не впечатлила.;15.09.2024
102;Xiaomi Redmi Note 13;Xiaomi;4;Средне, есть недостатки по звуку.;12.08.2024
103;Apple iPhone 15;Apple;5;Удобный интерфейс, всё понятно.;15.07.2024
101;Samsung Galaxy A55;Samsung;3;Очень доволен качеством, всё работает отлично.;24.04.2024
102;Xiaomi Redmi Note 13;Xiaomi;3;Приятно держать в руке, экран яркий.;11.05.2024
103;Apple iPhone 15;Apple;5;Приятно держать в руке, экран яркий.;11.06.2024
101;Samsung Galaxy A55;Samsung;1;Дизайн простой, но функционал на уровне.;01.08.2024
102;Xiaomi Redmi Note 13;Xiaomi;4;Дизайн простой, но функционал на уровне.;08.07.2024
103;Apple iPhone 15;Apple;4;Нестабильная связь, иногда пропадает интернет.;15.09.2024
101;Samsung Galaxy A55;Samsung;1;Производительность на высоте.;01.04.2024
102;Xiaomi Redmi Note 13;Xiaomi;2;Цена высокая, но оправдана.;21.09.2024
103;Apple iPhone 15;Apple;5;Приятно держать в руке, экран яркий.;15.10.2024
101;Samsung Galaxy A55;Samsung;2;Приятно держать в руке, экран яркий.;16.07.2024
102;Xiaomi Redmi Note 13;Xiaomi;1;Цена высокая, но оправдана.;15.08.2024
103;Apple iPhone 15;Apple;5;Соотношение цена/качество оптимальное.;15.07.2024
101;Samsung Galaxy A55;Samsung;4;Компактный и лёгкий, удобно носить.;02.09.2024
102;Xiaomi Redmi Note 13;Xiaomi;2;Дизайн простой, но функционал на уровне.;10.07.2024
103;Apple iPhone 15;Apple;3;Производительность на высоте.;14.11.2024
101;Samsung Galaxy A55;Samsung;2;Производительность на высоте.;24.07.2024
102;Xiaomi Redmi Note 13;Xiaomi;1;Много бесполезных приложений в системе.;19.06.2024
103;Apple iPhone 15;Apple;3;Рекомендую друзьям, лучший выбор.;20.07.2024
101;Samsung Galaxy A55;Samsung;1;Слабый аккумулятор, приходится заряжать дважды в день.;24.05.2024
102;Xiaomi Redmi Note 13;Xiaomi;2;Компактный и лёгкий, удобно носить.;26.07.2024
103;Apple iPhone 15;Apple;4;Цена высокая, но оправдана.;27.09.2024
101;Samsung Galaxy A55;Samsung;3;Камера не впечатлила.;15.09.2024
102;Xiaomi Redmi Note 13;Xiaomi;1;Производительность на высоте.;02.06.2024
103;Apple iPhone 15;Apple;5;Камера не впечатлила.;18.10.2024
101;Samsung Galaxy A55;Samsung;1;Корпус царапается, нужен чехол.;29.07.2024
102;Xiaomi Redmi Note 13;Xiaomi;5;Удобный интерфейс, всё понятно.;23.06.2024
103;Apple iPhone 15;Apple;4;Корпус царапается, нужен чехол.;11.06.2024
101;Samsung Galaxy A55;Samsung;5;Нестабильная связь, иногда пропадает интернет.;30.05.2024
102;Xiaomi Redmi Note 13;Xiaomi;2;Камера не впечатлила.;03.08.2024
103;Apple iPhone 15;Apple;5;Цена высокая, но оправдана.;10.10.2024
101;Samsung Galaxy A55;Samsung;1;Слишком быстро разряжается батарея.;01.06.2024
102;Xiaomi Redmi Note 13;Xiaomi;5;Дизайн простой, но функционал на уровне.;28.09.2024
103;Apple iPhone 15;Apple;4;Нестабильная связь, иногда пропадает интернет.;25.07.2024
101;Samsung Galaxy A55;Samsung;2;Фото отличное, особенно ночные снимки.;27.06.2024
102;Xiaomi Redmi Note 13;Xiaomi;3;Соотношение цена/качество оптимальное.;07.05.2024
103;Apple iPhone 15;Apple;4;Много бесполезных приложений в системе.;19.06.2024
101;Samsung Galaxy A55;Samsung;4;Средне, есть недостатки по звуку.;15.05.2024
102;Xiaomi Redmi Note 13;Xiaomi;1;Рекомендую друзьям, лучший выбор.;04.07.2024
103;Apple iPhone 15;Apple;4;Нестабильная связь, иногда пропадает интернет.;09.10.2024
101;Samsung Galaxy A55;Samsung;2;Компактный и лёгкий, удобно носить.;16.06.2024
102;Xiaomi Redmi Note 13;Xiaomi;1;Слабый аккумулятор, приходится заряжать дважды в день.;12.05.2024
103;Apple iPhone 15;Apple;1;Корпус царапается, нужен чехол.;19.09.2024
101;Samsung Galaxy A55;Samsung;3;Рекомендую друзьям, лучший выбор.;17.06.2024
102;Xiaomi Redmi Note 13;Xiaomi;3;Много бесполезных приложений в системе.;04.05.2024
103;Apple iPhone 15;Apple;3;Производительность на высоте.;19.07.2024
101;Samsung Galaxy A55;Samsung;2;Компактный и лёгкий, удобно носить.;07.06.2024
102;Xiaomi Redmi Note 13;Xiaomi;4;Нестабильная связь, иногда пропадает интернет.;24.09.2024
103;Apple iPhone 15;Apple;3;Очень доволен качеством, всё работает отлично.;23.08.2024
101;Samsung Galaxy A55;Samsung;1;Очень доволен качеством, всё работает отлично.;12.04.2024
102;Xiaomi Redmi Note 13;Xiaomi;3;Удобный интерфейс, всё понятно.;05.06.2024
103;Apple iPhone 15;Apple;2;Плохая комплектация, ожидал больше.;30.06.2024
101;Samsung Galaxy A55;Samsung;2;Приятно держать в руке, экран яркий.;23.09.2024
102;Xiaomi Redmi Note 13;Xiaomi;2;Камера не впечатлила.;13.08.2024
103;Apple iPhone 15;Apple;3;Фото отличное, особенно ночные снимки.;15.06.2024
101;Samsung Galaxy A55;Samsung;3;Слишком быстро разряжается батарея.;01.06.2024
102;Xiaomi Redmi Note 13;Xiaomi;5;Камера не впечатлила.;04.08.2024
103;Apple iPhone 15;Apple;1;Компактный и лёгкий, удобно носить.;12.06.2024
101;Samsung Galaxy A55;Samsung;2;Много бесполезных приложений в системе.;24.07.2024
102;Xiaomi Redmi Note 13;Xiaomi;2;Плохая комплектация, ожидал больше.;23.06.2024
103;Apple iPhone 15;Apple;4;Очень доволен качеством, всё работает отлично.;21.10.2024
101;Samsung Galaxy A55;Samsung;3;Камера не впечатлила.;20.09.2024
102;Xiaomi Redmi Note 13;Xiaomi;4;Фото отличное, особенно ночные снимки.;09.08.2024
103;Apple iPhone 15;Apple;3;Медленно работает GPS.;26.09.2024
101;Samsung Galaxy A55;Samsung;3;Нестабильная связь, иногда пропадает интернет.;09.06.2024
102;Xiaomi Redmi Note 13;Xiaomi;4;Средне, есть недостатки по звуку.;21.07.2024
103;Apple iPhone 15;Apple;1;Плохая комплектация, ожидал больше.;04.09.2024
101;Samsung Galaxy A55;Samsung;3;Дизайн простой, но функционал на уровне.;06.09.2024
102;Xiaomi Redmi Note 13;Xiaomi;3;Цена высокая, но оправдана.;12.05.2024
103;Apple iPhone 15;Apple;3;Слабый аккумулятор, приходится заряжать дважды в день.;19.10.2024
101;Samsung Galaxy A55;Samsung;2;Очень доволен качеством, всё работает отлично.;18.06.2024
102;Xiaomi Redmi Note 13;Xiaomi;2;Рекомендую друзьям, лучший выбор.;17.07.2024
103;Apple iPhone 15;Apple;3;Приятно держать в руке, экран яркий.;19.08.2024
101;Samsung Galaxy A55;Samsung;1;Плохая комплектация, ожидал больше.;07.08.2024
102;Xiaomi Redmi Note 13;Xiaomi;5;Рекомендую друзьям, лучший выбор.;31.05.2024
103;Apple iPhone 15;Apple;1;Памяти маловато для фото и видео.;05.10.2024
101;Samsung Galaxy A55;Samsung;5;Производительность на высоте.;22.09.2024
102;Xiaomi Redmi Note 13;Xiaomi;2;Производительность на высоте.;17.06.2024
103;Apple iPhone 15;Apple;5;Корпус царапается, нужен чехол.;16.10.2024
101;Samsung Galaxy A55;Samsung;5;Удобный интерфейс, всё понятно.;30.04.2024
102;Xiaomi Redmi Note 13;Xiaomi;3;Фото отличное, особенно ночные снимки.;16.05.2024
103;Apple iPhone 15;Apple;2;Слишком быстро разряжается батарея.;04.09.2024
101;Samsung Galaxy A55;Samsung;5;Нестабильная связь, иногда пропадает интернет.;21.09.2024
102;Xiaomi Redmi Note 13;Xiaomi;2;Корпус царапается, нужен чехол.;27.10.2024
103;Apple iPhone 15;Apple;1;Много бесполезных приложений в системе.;15.06.2024
101;Samsung Galaxy A55;Samsung;1;Средне, есть недостатки по звуку.;28.08.2024
102;Xiaomi Redmi Note 13;Xiaomi;2;Камера не впечатлила.;28.08.2024
103;Apple iPhone 15;Apple;1;Дизайн простой, но функционал на уровне.;09.09.2024
101;Samsung Galaxy A55;Samsung;2;Дизайн простой, но функционал на уровне.;14.06.2024
102;Xiaomi Redmi Note 13;Xiaomi;2;Памяти маловато для фото и видео.;11.07.2024
103;Apple iPhone 15;Apple;3;Много бесполезных приложений в системе.;01.06.2024
101;Samsung Galaxy A55;Samsung;5;Рекомендую друзьям, лучший выбор.;12.08.2024
102;Xiaomi Redmi Note 13;Xiaomi;1;Очень доволен качеством, всё работает отлично.;17.10.2024
103;Apple iPhone 15;Apple;3;Рекомендую друзьям, лучший выбор.;22.09.2024
101;Samsung Galaxy A55;Samsung;5;Производительность на высоте.;21.09.2024
102;Xiaomi Redmi Note 13;Xiaomi;3;Камера не впечатлила.;04.08.2024
103;Apple iPhone 15;Apple;4;Приятно держать в руке, экран яркий.;26.09.2024
101;Samsung Galaxy A55;Samsung;2;Компактный и лёгкий, удобно носить.;29.05.2024
102;Xiaomi Redmi Note 13;Xiaomi;2;Памяти маловато для фото и видео.;09.07.2024
103;Apple iPhone 15;Apple;4;Дизайн простой, но функционал на уровне.;03.11.2024
101;Samsung Galaxy A55;Samsung;1;Слишком быстро разряжается батарея.;12.04.2024
102;Xiaomi Redmi Note 13;Xiaomi;4;Компактный и лёгкий, удобно носить.;28.06.2024
103;Apple iPhone 15;Apple;4;Средне, есть недостатки по звуку.;21.07.2024
101;Samsung Galaxy A55;Samsung;1;Приятно держать в руке, экран яркий.;31.05.2024
102;Xiaomi Redmi Note 13;Xiaomi;4;Памяти маловато для фото и видео.;18.06.2024
103;Apple iPhone 15;Apple;5;Нестабильная связь, иногда пропадает интернет.;26.06.2024
101;Samsung Galaxy A55;Samsung;5;Фото отличное, особенно ночные снимки.;21.05.2024
102;Xiaomi Redmi Note 13;Xiaomi;5;Фото отличное, особенно ночные снимки.;10.08.2024
103;Apple iPhone 15;Apple;2;Приятно держать в руке, экран яркий.;16.08.2024
101;Samsung Galaxy A55;Samsung;5;Цена высокая, но оправдана.;19.04.2024
102;Xiaomi Redmi Note 13;Xiaomi;3;Много бесполезных приложений в системе.;24.08.2024
103;Apple iPhone 15;Apple;2;Очень доволен качеством, всё работает отлично.;19.09.2024
101;Samsung Galaxy A55;Samsung;4;Фото отличное, особенно ночные снимки.;10.08.2024
102;Xiaomi Redmi Note 13;Xiaomi;5;Камера не впечатлила.;17.07.2024
103;Apple iPhone 15;Apple;4;Соотношение цена/качество оптимальное.;18.11.2024
101;Samsung Galaxy A55;Samsung;5;Слабый аккумулятор, приходится заряжать дважды в день.;29.04.2024
102;Xiaomi Redmi Note 13;Xiaomi;4;Средне, есть недостатки по звуку.;23.08.2024
103;Apple iPhone 15;Apple;4;Корпус царапается, нужен чехол.;29.06.2024
101;Samsung Galaxy A55;Samsung;2;Средне, есть недостатки по звуку.;20.08.2024
102;Xiaomi Redmi Note 13;Xiaomi;3;Очень доволен качеством, всё работает отлично.;29.06.2024
103;Apple iPhone 15;Apple;2;Соотношение цена/качество оптимальное.;23.09.2024
101;Samsung Galaxy A55;Samsung;2;Средне, есть недостатки по звуку.;24.04.2024
102;Xiaomi Redmi Note 13;Xiaomi;2;Цена высокая, но оправдана.;21.06.2024
103;Apple iPhone 15;Apple;1;Очень доволен качеством, всё работает отлично.;06.07.2024
101;Samsung Galaxy A55;Samsung;1;Плохая комплектация, ожидал больше.;17.05.2024
102;Xiaomi Redmi Note 13;Xiaomi;2;Корпус царапается, нужен чехол.;28.05.2024
103;Apple iPhone 15;Apple;3;Компактный и лёгкий, удобно носить.;21.08.2024
101;Samsung Galaxy A55;Samsung;4;Соотношение цена/качество оптимальное.;22.05.2024
102;Xiaomi Redmi Note 13;Xiaomi;2;Слабый аккумулятор, приходится заряжать дважды в день.;26.07.2024
103;Apple iPhone 15;Apple;3;Приятно держать в руке, экран яркий.;24.11.2024
101;Samsung Galaxy A55;Samsung;1;Очень доволен качеством, всё работает отлично.;09.06.2024
102;Xiaomi Redmi Note 13;Xiaomi;5;Слишком быстро разряжается батарея.;19.10.2024
103;Apple iPhone 15;Apple;2;Удобный интерфейс, всё понятно.;07.07.2024
101;Samsung Galaxy A55;Samsung;4;Корпус царапается, нужен чехол.;12.08.2024
102;Xiaomi Redmi Note 13;Xiaomi;5;Медленно работает GPS.;03.07.2024
103;Apple iPhone 15;Apple;2;Средне, есть недостатки по звуку.;27.09.2024
101;Samsung Galaxy A55;Samsung;1;Слабый аккумулятор, приходится заряжать дважды в день.;29.06.2024
102;Xiaomi Redmi Note 13;Xiaomi;1;Медленно работает GPS.;28.05.2024
103;Apple iPhone 15;Apple;1;Корпус царапается, нужен чехол.;12.07.2024
101;Samsung Galaxy A55;Samsung;5;Производительность на высоте.;08.05.2024
102;Xiaomi Redmi Note 13;Xiaomi;1;Памяти маловато для фото и видео.;25.10.2024
103;Apple iPhone 15;Apple;1;Соотношение цена/качество оптимальное.;12.11.2024
101;Samsung Galaxy A55;Samsung;2;Фото отличное, особенно ночные снимки.;21.09.2024
102;Xiaomi Redmi Note 13;Xiaomi;2;Нестабильная связь, иногда пропадает интернет.;10.05.2024
103;Apple iPhone 15;Apple;2;Удобный интерфейс, всё понятно.;28.11.2024
101;Samsung Galaxy A55;Samsung;5;Производительность на высоте.;30.08.2024
102;Xiaomi Redmi Note 13;Xiaomi;5;Камера не впечатлила.;29.07.2024
103;Apple iPhone 15;Apple;4;Производительность на высоте.;30.10.2024
101;Samsung Galaxy A55;Samsung;4;Компактный и лёгкий, удобно носить.;25.06.2024
102;Xiaomi Redmi Note 13;Xiaomi;2;Соотношение цена/качество оптимальное.;12.08.2024
103;Apple iPhone 15;Apple;3;Корпус царапается, нужен чехол.;07.06.2024
101;Samsung Galaxy A55;Samsung;3;Производительность на высоте.;14.05.2024
102;Xiaomi Redmi Note 13;Xiaomi;3;Камера не впечатлила.;21.05.2024
103;Apple iPhone 15;Apple;2;Приятно держать в руке, экран яркий.;13.11.2024
101;Samsung Galaxy A55;Samsung;2;Очень доволен качеством, всё работает отлично.;29.05.2024
102;Xiaomi Redmi Note 13;Xiaomi;5;Плохая комплектация, ожидал больше.;02.07.2024
103;Apple iPhone 15;Apple;2;Нестабильная связь, иногда пропадает интернет.;04.06.2024
101;Samsung Galaxy A55;Samsung;2;Средне, есть недостатки по звуку.;26.09.2024
102;Xiaomi Redmi Note 13;Xiaomi;3;Нестабильная связь, иногда пропадает интернет.;03.10.2024
103;Apple iPhone 15;Apple;5;Рекомендую друзьям, лучший выбор.;12.09.2024
101;Samsung Galaxy A55;Samsung;2;Производительность на высоте.;16.08.2024
102;Xiaomi Redmi Note 13;Xiaomi;2;Соотношение цена/качество оптимальное.;23.06.2024
103;Apple iPhone 15;Apple;5;Рекомендую друзьям, лучший выбор.;27.10.2024
101;Samsung Galaxy A55;Samsung;4;Дизайн простой, но функционал на уровне.;02.07.2024
102;Xiaomi Redmi Note 13;Xiaomi;4;Цена высокая, но оправдана.;09.06.2024
103;Apple iPhone 15;Apple;5;Производительность на высоте.;26.11.2024
101;Samsung Galaxy A55;Samsung;3;Корпус царапается, нужен чехол.;21.05.2024
102;Xiaomi Redmi Note 13;Xiaomi;1;Производительность на высоте.;24.10.2024
103;Apple iPhone 15;Apple;2;Корпус царапается, нужен чехол.;02.11.2024
101;Samsung Galaxy A55;Samsung;2;Производительность на высоте.;24.07.2024
102;Xiaomi Redmi Note 13;Xiaomi;4;Цена высокая, но оправдана.;11.07.2024
103;Apple iPhone 15;Apple;3;Компактный и лёгкий, удобно носить.;09.08.2024
101;Samsung Galaxy A55;Samsung;1;Компактный и лёгкий, удобно носить.;18.06.2024
102;Xiaomi Redmi Note 13;Xiaomi;4;Слабый аккумулятор, приходится заряжать дважды в день.;01.09.2024
103;Apple iPhone 15;Apple;2;Корпус царапается, нужен чехол.;04.07.2024
101;Samsung Galaxy A55;Samsung;1;Соотношение цена/качество оптимальное.;05.08.2024
102;Xiaomi Redmi Note 13;Xiaomi;2;Соотношение цена/качество оптимальное.;23.05.2024
103;Apple iPhone 15;Apple;3;Приятно держать в руке, экран яркий.;28.10.2024
101;Samsung Galaxy A55;Samsung;1;Слишком быстро разряжается батарея.;30.06.2024
102;Xiaomi Redmi Note 13;Xiaomi;1;Фото отличное, особенно ночные снимки.;03.05.2024
103;Apple iPhone 15;Apple;1;Медленно работает GPS.;29.07.2024
101;Samsung Galaxy A55;Samsung;1;Рекомендую друзьям, лучший выбор.;02.09.2024
102;Xiaomi Redmi Note 13;Xiaomi;1;Компактный и лёгкий, удобно носить.;04.06.2024
103;Apple iPhone 15;Apple;2;Дизайн простой, но функционал на уровне.;10.09.2024
101;Samsung Galaxy A55;Samsung;1;Приятно держать в руке, экран яркий.;04.08.2024
102;Xiaomi Redmi Note 13;Xiaomi;2;Много бесполезных приложений в системе.;20.06.2024
103;Apple iPhone 15;Apple;3;Плохая комплектация, ожидал больше.;22.09.2024
101;Samsung Galaxy A55;Samsung;2;Слишком быстро разряжается батарея.;19.07.2024
102;Xiaomi Redmi Note 13;Xiaomi;3;Приятно держать в руке, экран яркий.;25.05.2024
103;Apple iPhone 15;Apple;4;Дизайн простой, но функционал на уровне.;26.10.2024
101;Samsung Galaxy A55;Samsung;3;Удобный интерфейс, всё понятно.;24.04.2024
102;Xiaomi Redmi Note 13;Xiaomi;4;Камера не впечатлила.;09.06.2024
103;Apple iPhone 15;Apple;2;Плохая комплектация, ожидал больше.;17.09.2024
101;Samsung Galaxy A55;Samsung;1;Нестабильная связь, иногда пропадает интернет.;10.04.2024
102;Xiaomi Redmi Note 13;Xiaomi;1;Компактный и лёгкий, удобно носить.;02.05.2024
103;Apple iPhone 15;Apple;5;Нестабильная связь, иногда пропадает интернет.;22.06.2024
101;Samsung Galaxy A55;Samsung;1;Много бесполезных приложений в системе.;21.05.2024
102;Xiaomi Redmi Note 13;Xiaomi;1;Нестабильная связь, иногда пропадает интернет.;04.10.2024
103;Apple iPhone 15;Apple;1;Много бесполезных приложений в системе.;20.10.2024
101;Samsung Galaxy A55;Samsung;2;Средне, есть недостатки по звуку.;11.04.2024
102;Xiaomi Redmi Note 13;Xiaomi;1;Много бесполезных приложений в системе.;08.10.2024
103;Apple iPhone 15;Apple;3;Слишком быстро разряжается батарея.;26.06.2024
101;Samsung Galaxy A55;Samsung;5;Много бесполезных приложений в системе.;14.04.2024
102;Xiaomi Redmi Note 13;Xiaomi;3;Компактный и лёгкий, удобно носить.;18.06.2024
103;Apple iPhone 15;Apple;3;Плохая комплектация, ожидал больше.;19.08.2024
101;Samsung Galaxy A55;Samsung;5;Много бесполезных приложений в системе.;19.04.2024
102;Xiaomi Redmi Note 13;Xiaomi;4;Удобный интерфейс, всё понятно.;22.10.2024
103;Apple iPhone 15;Apple;3;Фото отличное, особенно ночные снимки.;24.11.2024
101;Samsung Galaxy A55;Samsung;1;Компактный и лёгкий, удобно носить.;27.04.2024
102;Xiaomi Redmi Note 13;Xiaomi;5;Удобный интерфейс, всё понятно.;18.09.2024
103;Apple iPhone 15;Apple;1;Фото отличное, особенно ночные снимки.;23.09.2024
101;Samsung Galaxy A55;Samsung;1;Компактный и лёгкий, удобно носить.;13.06.2024
102;Xiaomi Redmi Note 13;Xiaomi;4;Удобный интерфейс, всё понятно.;11.09.2024
103;Apple iPhone 15;Apple;5;Средне, есть недостатки по звуку.;16.09.2024
101;Samsung Galaxy A55;Samsung;3;Производительность на высоте.;09.04.2024
102;Xiaomi Redmi Note 13;Xiaomi;4;Плохая комплектация, ожидал больше.;23.09.2024
103;Apple iPhone 15;Apple;1;Дизайн простой, но функционал на уровне.;06.08.2024
101;Samsung Galaxy A55;Samsung;4;Приятно держать в руке, экран яркий.;05.05.2024
102;Xiaomi Redmi Note 13;Xiaomi;4;Медленно работает GPS.;09.08.2024
103;Apple iPhone 15;Apple;3;Средне, есть недостатки по звуку.;29.06.2024
101;Samsung Galaxy A55;Samsung;1;Корпус царапается, нужен чехол.;07.04.2024
102;Xiaomi Redmi Note 13;Xiaomi;2;Медленно работает GPS.;04.10.2024
103;Apple iPhone 15;Apple;5;Медленно работает GPS.;29.08.2024
101;Samsung Galaxy A55;Samsung;3;Медленно работает GPS.;23.06.2024
102;Xiaomi Redmi Note 13;Xiaomi;3;Плохая комплектация, ожидал больше.;09.07.2024
103;Apple iPhone 15;Apple;4;Дизайн простой, но функционал на уровне.;23.06.2024
101;Samsung Galaxy A55;Samsung;4;Камера не впечатлила.;30.06.2024
102;Xiaomi Redmi Note 13;Xiaomi;5;Соотношение цена/качество оптимальное.;09.07.2024
103;Apple iPhone 15;Apple;4;Слишком быстро разряжается батарея.;10.10.2024
101;Samsung Galaxy A55;Samsung;3;Нестабильная связь, иногда пропадает интернет.;23.05.2024
102;Xiaomi Redmi Note 13;Xiaomi;3;Плохая комплектация, ожидал больше.;11.10.2024
103;Apple iPhone 15;Apple;4;Медленно работает GPS.;26.06.2024
101;Samsung Galaxy A55;Samsung;5;Удобный интерфейс, всё понятно.;21.07.2024
102;Xiaomi Redmi Note 13;Xiaomi;4;Средне, есть недостатки по звуку.;03.06.2024
103;Apple iPhone 15;Apple;2;Средне, есть недостатки по звуку.;14.07.2024
101;Samsung Galaxy A55;Samsung;5;Слабый аккумулятор, приходится заряжать дважды в день.;23.04.2024
102;Xiaomi Redmi Note 13;Xiaomi;2;Памяти маловато для фото и видео.;20.05.2024
103;Apple iPhone 15;Apple;1;Соотношение цена/качество оптимальное.;23.07.2024
101;Samsung Galaxy A55;Samsung;2;Соотношение цена/качество оптимальное.;11.07.2024
102;Xiaomi Redmi Note 13;Xiaomi;4;Производительность на высоте.;02.07.2024
103;Apple iPhone 15;Apple;1;Памяти маловато для фото и видео.;20.08.2024
101;Samsung Galaxy A55;Samsung;1;Фото отличное, особенно ночные снимки.;07.08.2024
102;Xiaomi Redmi Note 13;Xiaomi;2;Приятно держать в руке, экран яркий.;01.08.2024
103;Apple iPhone 15;Apple;4;Цена высокая, но оправдана.;21.07.2024
101;Samsung Galaxy A55;Samsung;4;Корпус царапается, нужен чехол.;13.09.2024
102;Xiaomi Redmi Note 13;Xiaomi;4;Соотношение цена/качество оптимальное.;02.07.2024
103;Apple iPhone 15;Apple;3;Фото отличное, особенно ночные снимки.;21.10.2024
101;Samsung Galaxy A55;Samsung;5;Соотношение цена/качество оптимальное.;11.06.2024
102;Xiaomi Redmi Note 13;Xiaomi;2;Медленно работает GPS.;21.09.2024
103;Apple iPhone 15;Apple;5;Дизайн простой, но функционал на уровне.;10.06.2024
101;Samsung Galaxy A55;Samsung;2;Рекомендую друзьям, лучший выбор.;14.09.2024
102;Xiaomi Redmi Note 13;Xiaomi;3;Цена высокая, но оправдана.;26.05.2024
103;Apple iPhone 15;Apple;5;Камера не впечатлила.;28.11.2024
101;Samsung Galaxy A55;Samsung;1;Соотношение цена/качество оптимальное.;09.06.2024
102;Xiaomi Redmi Note 13;Xiaomi;5;Медленно работает GPS.;08.06.2024
103;Apple iPhone 15;Apple;5;Компактный и лёгкий, удобно носить.;15.07.2024
101;Samsung Galaxy A55;Samsung;3;Корпус царапается, нужен чехол.;30.07.2024
